{
  "duration" : 60,
  "data" : [ {
    "date" : "2025-11-08",
    "score" : {
      "away" : 2,
      "home" : 2
    },
    "matchday" : 11,
    "awayTeam" : {
      "name" : "Manchester United FC",
      "id" : 66,
      "shortName" : "Man United",
      "crest" : "https://crests.football-data.org/66.png"
    },
    "league" : "EPL",
    "homeTeam" : {
      "name" : "Tottenham Hotspur FC",
      "id" : 73,
      "shortName" : "Tottenham",
      "crest" : "https://crests.football-data.org/73.png"
    },
    "id" : 537893,
    "time" : "12:30",
    "kickoffAt" : "2025-11-08T12:30:00",
    "status" : "FINISHED"
  }, {
    "date" : "2025-11-08",
    "score" : {
      "away" : 0,
      "home" : 2
    },
    "matchday" : 11,
    "awayTeam" : {
      "name" : "Fulham FC",
      "id" : 63,
      "shortName" : "Fulham",
      "crest" : "https://crests.football-data.org/63.png"
    },
    "league" : "EPL",
    "homeTeam" : {
      "name" : "Everton FC",
      "id" : 62,
      "shortName" : "Everton",
      "crest" : "https://crests.football-data.org/62.png"
    },
    "id" : 537890,
    "time" : "15:00",
    "kickoffAt" : "2025-11-08T15:00:00",
    "status" : "FINISHED"
  }, {
    "date" : "2025-11-08",
    "score" : {
      "away" : 2,
      "home" : 3
    },
    "matchday" : 11,
    "awayTeam" : {
      "name" : "Burnley FC",
      "id" : 328,
      "shortName" : "Burnley",
      "crest" : "https://crests.football-data.org/328.png"
    },
    "league" : "EPL",
    "homeTeam" : {
      "name" : "West Ham United FC",
      "id" : 563,
      "shortName" : "West Ham",
      "crest" : "https://crests.football-data.org/563.png"
    },
    "id" : 537894,
    "time" : "15:00",
    "kickoffAt" : "2025-11-08T15:00:00",
    "status" : "FINISHED"
  }, {
    "date" : "2025-11-08",
    "score" : {
      "away" : 2,
      "home" : 2
    },
    "matchday" : 11,
    "awayTeam" : {
      "name" : "Arsenal FC",
      "id" : 57,
      "shortName" : "Arsenal",
      "crest" : "https://crests.football-data.org/57.png"
    },
    "league" : "EPL",
    "homeTeam" : {
      "name" : "Sunderland AFC",
      "id" : 71,
      "shortName" : "Sunderland",
      "crest" : "https://crests.football-data.org/71.png"
    },
    "id" : 537885,
    "time" : "17:30",
    "kickoffAt" : "2025-11-08T17:30:00",
    "status" : "FINISHED"
  }, {
    "date" : "2025-11-08",
    "score" : {
      "away" : 0,
      "home" : 3
    },
    "matchday" : 11,
    "awayTeam" : {
      "name" : "Wolverhampton Wanderers FC",
      "id" : 76,
      "shortName" : "Wolverhampton",
      "crest" : "https://crests.football-data.org/76.png"
    },
    "league" : "EPL",
    "homeTeam" : {
      "name" : "Chelsea FC",
      "id" : 61,
      "shortName" : "Chelsea",
      "crest" : "https://crests.football-data.org/61.png"
    },
    "id" : 537889,
    "time" : "20:00",
    "kickoffAt" : "2025-11-08T20:00:00",
    "status" : "FINISHED"
  }, {
    "date" : "2025-11-09",
    "score" : {
      "away" : 0,
      "home" : 4
    },
    "matchday" : 11,
    "awayTeam" : {
      "name" : "AFC Bournemouth",
      "id" : 1044,
      "shortName" : "Bournemouth",
      "crest" : "https://crests.football-data.org/bournemouth.png"
    },
    "league" : "EPL",
    "homeTeam" : {
      "name" : "Aston Villa FC",
      "id" : 58,
      "shortName" : "Aston Villa",
      "crest" : "https://crests.football-data.org/58.png"
    },
    "id" : 537886,
    "time" : "14:00",
    "kickoffAt" : "2025-11-09T14:00:00",
    "status" : "FINISHED"
  }, {
    "date" : "2025-11-09",
    "score" : {
      "away" : 0,
      "home" : 0
    },
    "matchday" : 11,
    "awayTeam" : {
      "name" : "Brighton & Hove Albion FC",
      "id" : 397,
      "shortName" : "Brighton Hove",
      "crest" : "https://crests.football-data.org/397.png"
    },
    "league" : "EPL",
    "homeTeam" : {
      "name" : "Crystal Palace FC",
      "id" : 354,
      "shortName" : "Crystal Palace",
      "crest" : "https://crests.football-data.org/354.png"
    },
    "id" : 537887,
    "time" : "14:00",
    "kickoffAt" : "2025-11-09T14:00:00",
    "status" : "FINISHED"
  }, {
    "date" : "2025-11-09",
    "score" : {
      "away" : 1,
      "home" : 3
    },
    "matchday" : 11,
    "awayTeam" : {
      "name" : "Newcastle United FC",
      "id" : 67,
      "shortName" : "Newcastle",
      "crest" : "https://crests.football-data.org/67.png"
    },
    "league" : "EPL",
    "homeTeam" : {
      "name" : "Brentford FC",
      "id" : 402,
      "shortName" : "Brentford",
      "crest" : "https://crests.football-data.org/402.png"
    },
    "id" : 537888,
    "time" : "14:00",
    "kickoffAt" : "2025-11-09T14:00:00",
    "status" : "FINISHED"
  }, {
    "date" : "2025-11-09",
    "score" : {
      "away" : 1,
      "home" : 3
    },
    "matchday" : 11,
    "awayTeam" : {
      "name" : "Leeds United FC",
      "id" : 341,
      "shortName" : "Leeds United",
      "crest" : "https://crests.football-data.org/341.png"
    },
    "league" : "EPL",
    "homeTeam" : {
      "name" : "Nottingham Forest FC",
      "id" : 351,
      "shortName" : "Nottingham",
      "crest" : "https://crests.football-data.org/351.png"
    },
    "id" : 537892,
    "time" : "14:00",
    "kickoffAt" : "2025-11-09T14:00:00",
    "status" : "FINISHED"
  }, {
    "date" : "2025-11-09",
    "score" : {
      "away" : 0,
      "home" : 3
    },
    "matchday" : 11,
    "awayTeam" : {
      "name" : "Liverpool FC",
      "id" : 64,
      "shortName" : "Liverpool",
      "crest" : "https://crests.football-data.org/64.png"
    },
    "league" : "EPL",
    "homeTeam" : {
      "name" : "Manchester City FC",
      "id" : 65,
      "shortName" : "Man City",
      "crest" : "https://crests.football-data.org/65.png"
    },
    "id" : 537891,
    "time" : "16:30",
    "kickoffAt" : "2025-11-09T16:30:00",
    "status" : "FINISHED"
  } ],
  "timestamp" : "2025-11-13T16:34:51.550183500"
}