{
  "duration" : 60,
  "data" : [ {
    "date" : "2025-11-07",
    "score" : {
      "away" : 1,
      "home" : 1
    },
    "matchday" : 12,
    "awayTeam" : {
      "name" : "Real Sociedad de Fútbol",
      "id" : 92,
      "shortName" : "Real Sociedad",
      "crest" : "https://crests.football-data.org/92.png"
    },
    "league" : "LaLiga",
    "homeTeam" : {
      "name" : "Elche CF",
      "id" : 285,
      "shortName" : "Elche",
      "crest" : "https://crests.football-data.org/285.png"
    },
    "id" : 544323,
    "time" : "20:00",
    "kickoffAt" : "2025-11-07T20:00:00",
    "status" : "FINISHED"
  }, {
    "date" : "2025-11-08",
    "score" : {
      "away" : 0,
      "home" : 1
    },
    "matchday" : 12,
    "awayTeam" : {
      "name" : "Deportivo Alavés",
      "id" : 263,
      "shortName" : "Alavés",
      "crest" : "https://crests.football-data.org/263.png"
    },
    "league" : "LaLiga",
    "homeTeam" : {
      "name" : "Girona FC",
      "id" : 298,
      "shortName" : "Girona",
      "crest" : "https://crests.football-data.org/298.png"
    },
    "id" : 544326,
    "time" : "13:00",
    "kickoffAt" : "2025-11-08T13:00:00",
    "status" : "FINISHED"
  }, {
    "date" : "2025-11-08",
    "score" : {
      "away" : 0,
      "home" : 1
    },
    "matchday" : 12,
    "awayTeam" : {
      "name" : "CA Osasuna",
      "id" : 79,
      "shortName" : "Osasuna",
      "crest" : "https://crests.football-data.org/79.png"
    },
    "league" : "LaLiga",
    "homeTeam" : {
      "name" : "Sevilla FC",
      "id" : 559,
      "shortName" : "Sevilla FC",
      "crest" : "https://crests.football-data.org/559.png"
    },
    "id" : 544330,
    "time" : "15:15",
    "kickoffAt" : "2025-11-08T15:15:00",
    "status" : "FINISHED"
  }, {
    "date" : "2025-11-08",
    "score" : {
      "away" : 1,
      "home" : 3
    },
    "matchday" : 12,
    "awayTeam" : {
      "name" : "Levante UD",
      "id" : 88,
      "shortName" : "Levante",
      "crest" : "https://crests.football-data.org/88.png"
    },
    "league" : "LaLiga",
    "homeTeam" : {
      "name" : "Club Atlético de Madrid",
      "id" : 78,
      "shortName" : "Atleti",
      "crest" : "https://crests.football-data.org/78.png"
    },
    "id" : 544322,
    "time" : "17:30",
    "kickoffAt" : "2025-11-08T17:30:00",
    "status" : "FINISHED"
  }, {
    "date" : "2025-11-08",
    "score" : {
      "away" : 2,
      "home" : 0
    },
    "matchday" : 12,
    "awayTeam" : {
      "name" : "Villarreal CF",
      "id" : 94,
      "shortName" : "Villarreal",
      "crest" : "https://crests.football-data.org/94.png"
    },
    "league" : "LaLiga",
    "homeTeam" : {
      "name" : "RCD Espanyol de Barcelona",
      "id" : 80,
      "shortName" : "Espanyol",
      "crest" : "https://crests.football-data.org/80.png"
    },
    "id" : 544324,
    "time" : "20:00",
    "kickoffAt" : "2025-11-08T20:00:00",
    "status" : "FINISHED"
  }, {
    "date" : "2025-11-09",
    "score" : {
      "away" : 0,
      "home" : 1
    },
    "matchday" : 12,
    "awayTeam" : {
      "name" : "Real Oviedo",
      "id" : 1048,
      "shortName" : "Real Oviedo",
      "crest" : "https://crests.football-data.org/1048.png"
    },
    "league" : "LaLiga",
    "homeTeam" : {
      "name" : "Athletic Club",
      "id" : 77,
      "shortName" : "Athletic",
      "crest" : "https://crests.football-data.org/77.png"
    },
    "id" : 544321,
    "time" : "13:00",
    "kickoffAt" : "2025-11-09T13:00:00",
    "status" : "FINISHED"
  }, {
    "date" : "2025-11-09",
    "score" : {
      "away" : 0,
      "home" : 0
    },
    "matchday" : 12,
    "awayTeam" : {
      "name" : "Real Madrid CF",
      "id" : 86,
      "shortName" : "Real Madrid",
      "crest" : "https://crests.football-data.org/86.png"
    },
    "league" : "LaLiga",
    "homeTeam" : {
      "name" : "Rayo Vallecano de Madrid",
      "id" : 87,
      "shortName" : "Rayo Vallecano",
      "crest" : "https://crests.football-data.org/87.png"
    },
    "id" : 544325,
    "time" : "15:15",
    "kickoffAt" : "2025-11-09T15:15:00",
    "status" : "FINISHED"
  }, {
    "date" : "2025-11-09",
    "score" : {
      "away" : 1,
      "home" : 1
    },
    "matchday" : 12,
    "awayTeam" : {
      "name" : "Real Betis Balompié",
      "id" : 90,
      "shortName" : "Real Betis",
      "crest" : "https://crests.football-data.org/90.png"
    },
    "league" : "LaLiga",
    "homeTeam" : {
      "name" : "Valencia CF",
      "id" : 95,
      "shortName" : "Valencia",
      "crest" : "https://crests.football-data.org/95.png"
    },
    "id" : 544328,
    "time" : "17:30",
    "kickoffAt" : "2025-11-09T17:30:00",
    "status" : "FINISHED"
  }, {
    "date" : "2025-11-09",
    "score" : {
      "away" : 0,
      "home" : 1
    },
    "matchday" : 12,
    "awayTeam" : {
      "name" : "Getafe CF",
      "id" : 82,
      "shortName" : "Getafe",
      "crest" : "https://crests.football-data.org/82.png"
    },
    "league" : "LaLiga",
    "homeTeam" : {
      "name" : "RCD Mallorca",
      "id" : 89,
      "shortName" : "Mallorca",
      "crest" : "https://crests.football-data.org/89.png"
    },
    "id" : 544329,
    "time" : "17:30",
    "kickoffAt" : "2025-11-09T17:30:00",
    "status" : "FINISHED"
  }, {
    "date" : "2025-11-09",
    "score" : {
      "away" : 4,
      "home" : 2
    },
    "matchday" : 12,
    "awayTeam" : {
      "name" : "FC Barcelona",
      "id" : 81,
      "shortName" : "Barça",
      "crest" : "https://crests.football-data.org/81.png"
    },
    "league" : "LaLiga",
    "homeTeam" : {
      "name" : "RC Celta de Vigo",
      "id" : 558,
      "shortName" : "Celta",
      "crest" : "https://crests.football-data.org/558.png"
    },
    "id" : 544327,
    "time" : "20:00",
    "kickoffAt" : "2025-11-09T20:00:00",
    "status" : "FINISHED"
  } ],
  "timestamp" : "2025-11-13T15:44:46.513005400"
}