{
  "duration" : 60,
  "data" : [ {
    "date" : "2025-11-07",
    "score" : {
      "away" : 1,
      "home" : 2
    },
    "matchday" : 10,
    "awayTeam" : {
      "name" : "VfL Wolfsburg",
      "id" : 11,
      "shortName" : "Wolfsburg",
      "crest" : "https://crests.football-data.org/11.png"
    },
    "league" : "Bundesliga",
    "homeTeam" : {
      "name" : "SV Werder Bremen",
      "id" : 12,
      "shortName" : "Bremen",
      "crest" : "https://crests.football-data.org/12.png"
    },
    "id" : 540490,
    "time" : "19:30",
    "kickoffAt" : "2025-11-07T19:30:00",
    "status" : "FINISHED"
  }, {
    "date" : "2025-11-08",
    "score" : {
      "away" : 0,
      "home" : 6
    },
    "matchday" : 10,
    "awayTeam" : {
      "name" : "1. FC Heidenheim 1846",
      "id" : 44,
      "shortName" : "Heidenheim",
      "crest" : "https://crests.football-data.org/44.png"
    },
    "league" : "Bundesliga",
    "homeTeam" : {
      "name" : "Bayer 04 Leverkusen",
      "id" : 3,
      "shortName" : "Leverkusen",
      "crest" : "https://crests.football-data.org/3.png"
    },
    "id" : 540487,
    "time" : "14:30",
    "kickoffAt" : "2025-11-08T14:30:00",
    "status" : "FINISHED"
  }, {
    "date" : "2025-11-08",
    "score" : {
      "away" : 2,
      "home" : 2
    },
    "matchday" : 10,
    "awayTeam" : {
      "name" : "FC Bayern München",
      "id" : 5,
      "shortName" : "Bayern",
      "crest" : "https://crests.football-data.org/5.png"
    },
    "league" : "Bundesliga",
    "homeTeam" : {
      "name" : "1. FC Union Berlin",
      "id" : 28,
      "shortName" : "Union Berlin",
      "crest" : "https://crests.football-data.org/28.png"
    },
    "id" : 540493,
    "time" : "14:30",
    "kickoffAt" : "2025-11-08T14:30:00",
    "status" : "FINISHED"
  }, {
    "date" : "2025-11-08",
    "score" : {
      "away" : 1,
      "home" : 3
    },
    "matchday" : 10,
    "awayTeam" : {
      "name" : "RB Leipzig",
      "id" : 721,
      "shortName" : "RB Leipzig",
      "crest" : "https://crests.football-data.org/721.png"
    },
    "league" : "Bundesliga",
    "homeTeam" : {
      "name" : "TSG 1899 Hoffenheim",
      "id" : 2,
      "shortName" : "Hoffenheim",
      "crest" : "https://crests.football-data.org/2.png"
    },
    "id" : 540494,
    "time" : "14:30",
    "kickoffAt" : "2025-11-08T14:30:00",
    "status" : "FINISHED"
  }, {
    "date" : "2025-11-08",
    "score" : {
      "away" : 1,
      "home" : 1
    },
    "matchday" : 10,
    "awayTeam" : {
      "name" : "Borussia Dortmund",
      "id" : 4,
      "shortName" : "Dortmund",
      "crest" : "https://crests.football-data.org/4.png"
    },
    "league" : "Bundesliga",
    "homeTeam" : {
      "name" : "Hamburger SV",
      "id" : 7,
      "shortName" : "HSV",
      "crest" : "https://crests.football-data.org/7.png"
    },
    "id" : 540495,
    "time" : "14:30",
    "kickoffAt" : "2025-11-08T14:30:00",
    "status" : "FINISHED"
  }, {
    "date" : "2025-11-08",
    "score" : {
      "away" : 1,
      "home" : 3
    },
    "matchday" : 10,
    "awayTeam" : {
      "name" : "1. FC Köln",
      "id" : 1,
      "shortName" : "1. FC Köln",
      "crest" : "https://crests.football-data.org/1.png"
    },
    "league" : "Bundesliga",
    "homeTeam" : {
      "name" : "Borussia Mönchengladbach",
      "id" : 18,
      "shortName" : "M'gladbach",
      "crest" : "https://crests.football-data.org/18.png"
    },
    "id" : 540492,
    "time" : "17:30",
    "kickoffAt" : "2025-11-08T17:30:00",
    "status" : "FINISHED"
  }, {
    "date" : "2025-11-09",
    "score" : {
      "away" : 1,
      "home" : 2
    },
    "matchday" : 10,
    "awayTeam" : {
      "name" : "FC St. Pauli 1910",
      "id" : 20,
      "shortName" : "St. Pauli",
      "crest" : "https://crests.football-data.org/20.png"
    },
    "league" : "Bundesliga",
    "homeTeam" : {
      "name" : "SC Freiburg",
      "id" : 17,
      "shortName" : "Freiburg",
      "crest" : "https://crests.football-data.org/17.png"
    },
    "id" : 540489,
    "time" : "14:30",
    "kickoffAt" : "2025-11-09T14:30:00",
    "status" : "FINISHED"
  }, {
    "date" : "2025-11-09",
    "score" : {
      "away" : 2,
      "home" : 3
    },
    "matchday" : 10,
    "awayTeam" : {
      "name" : "FC Augsburg",
      "id" : 16,
      "shortName" : "Augsburg",
      "crest" : "https://crests.football-data.org/16.png"
    },
    "league" : "Bundesliga",
    "homeTeam" : {
      "name" : "VfB Stuttgart",
      "id" : 10,
      "shortName" : "Stuttgart",
      "crest" : "https://crests.football-data.org/10.png"
    },
    "id" : 540491,
    "time" : "16:30",
    "kickoffAt" : "2025-11-09T16:30:00",
    "status" : "FINISHED"
  }, {
    "date" : "2025-11-09",
    "score" : {
      "away" : 0,
      "home" : 1
    },
    "matchday" : 10,
    "awayTeam" : {
      "name" : "1. FSV Mainz 05",
      "id" : 15,
      "shortName" : "Mainz",
      "crest" : "https://crests.football-data.org/15.png"
    },
    "league" : "Bundesliga",
    "homeTeam" : {
      "name" : "Eintracht Frankfurt",
      "id" : 19,
      "shortName" : "Frankfurt",
      "crest" : "https://crests.football-data.org/19.png"
    },
    "id" : 540488,
    "time" : "18:30",
    "kickoffAt" : "2025-11-09T18:30:00",
    "status" : "FINISHED"
  } ],
  "timestamp" : "2025-11-13T15:50:02.613524500"
}