{
  "duration" : 60,
  "data" : [ {
    "date" : "2025-11-07",
    "score" : {
      "away" : 1,
      "home" : 0
    },
    "matchday" : 12,
    "awayTeam" : {
      "name" : "Stade Rennais FC 1901",
      "id" : 529,
      "shortName" : "Stade Rennais",
      "crest" : "https://crests.football-data.org/529.png"
    },
    "league" : "Ligue1",
    "homeTeam" : {
      "name" : "Paris FC",
      "id" : 1045,
      "shortName" : "Paris FC",
      "crest" : "https://crests.football-data.org/1045.png"
    },
    "id" : 542509,
    "time" : "19:45",
    "kickoffAt" : "2025-11-07T19:45:00",
    "status" : "FINISHED"
  }, {
    "date" : "2025-11-08",
    "score" : {
      "away" : 0,
      "home" : 3
    },
    "matchday" : 12,
    "awayTeam" : {
      "name" : "Stade Brestois 29",
      "id" : 512,
      "shortName" : "Brest",
      "crest" : "https://crests.football-data.org/512.png"
    },
    "league" : "Ligue1",
    "homeTeam" : {
      "name" : "Olympique de Marseille",
      "id" : 516,
      "shortName" : "Marseille",
      "crest" : "https://crests.football-data.org/516.png"
    },
    "id" : 542511,
    "time" : "16:00",
    "kickoffAt" : "2025-11-08T16:00:00",
    "status" : "FINISHED"
  }, {
    "date" : "2025-11-08",
    "score" : {
      "away" : 1,
      "home" : 1
    },
    "matchday" : 12,
    "awayTeam" : {
      "name" : "FC Nantes",
      "id" : 543,
      "shortName" : "Nantes",
      "crest" : "https://crests.football-data.org/543.png"
    },
    "league" : "Ligue1",
    "homeTeam" : {
      "name" : "Le Havre AC",
      "id" : 533,
      "shortName" : "Le Havre",
      "crest" : "https://crests.football-data.org/533.png"
    },
    "id" : 542505,
    "time" : "18:00",
    "kickoffAt" : "2025-11-08T18:00:00",
    "status" : "FINISHED"
  }, {
    "date" : "2025-11-08",
    "score" : {
      "away" : 4,
      "home" : 1
    },
    "matchday" : 12,
    "awayTeam" : {
      "name" : "Racing Club de Lens",
      "id" : 546,
      "shortName" : "RC Lens",
      "crest" : "https://crests.football-data.org/546.png"
    },
    "league" : "Ligue1",
    "homeTeam" : {
      "name" : "AS Monaco FC",
      "id" : 548,
      "shortName" : "Monaco",
      "crest" : "https://crests.football-data.org/548.png"
    },
    "id" : 542506,
    "time" : "20:05",
    "kickoffAt" : "2025-11-08T20:05:00",
    "status" : "FINISHED"
  }, {
    "date" : "2025-11-09",
    "score" : {
      "away" : 1,
      "home" : 1
    },
    "matchday" : 12,
    "awayTeam" : {
      "name" : "Toulouse FC",
      "id" : 511,
      "shortName" : "Toulouse",
      "crest" : "https://crests.football-data.org/511.png"
    },
    "league" : "Ligue1",
    "homeTeam" : {
      "name" : "FC Lorient",
      "id" : 525,
      "shortName" : "Lorient",
      "crest" : "https://crests.football-data.org/525.png"
    },
    "id" : 542507,
    "time" : "14:00",
    "kickoffAt" : "2025-11-09T14:00:00",
    "status" : "FINISHED"
  }, {
    "date" : "2025-11-09",
    "score" : {
      "away" : 1,
      "home" : 2
    },
    "matchday" : 12,
    "awayTeam" : {
      "name" : "OGC Nice",
      "id" : 522,
      "shortName" : "Nice",
      "crest" : "https://crests.football-data.org/522.png"
    },
    "league" : "Ligue1",
    "homeTeam" : {
      "name" : "FC Metz",
      "id" : 545,
      "shortName" : "FC Metz",
      "crest" : "https://crests.football-data.org/545.png"
    },
    "id" : 542508,
    "time" : "16:15",
    "kickoffAt" : "2025-11-09T16:15:00",
    "status" : "FINISHED"
  }, {
    "date" : "2025-11-09",
    "score" : {
      "away" : 0,
      "home" : 2
    },
    "matchday" : 12,
    "awayTeam" : {
      "name" : "Lille OSC",
      "id" : 521,
      "shortName" : "Lille",
      "crest" : "https://crests.football-data.org/521.png"
    },
    "league" : "Ligue1",
    "homeTeam" : {
      "name" : "RC Strasbourg Alsace",
      "id" : 576,
      "shortName" : "Strasbourg",
      "crest" : "https://crests.football-data.org/576.png"
    },
    "id" : 542512,
    "time" : "16:15",
    "kickoffAt" : "2025-11-09T16:15:00",
    "status" : "FINISHED"
  }, {
    "date" : "2025-11-09",
    "score" : {
      "away" : 0,
      "home" : 2
    },
    "matchday" : 12,
    "awayTeam" : {
      "name" : "AJ Auxerre",
      "id" : 519,
      "shortName" : "Auxerre",
      "crest" : "https://crests.football-data.org/519.png"
    },
    "league" : "Ligue1",
    "homeTeam" : {
      "name" : "Angers SCO",
      "id" : 532,
      "shortName" : "Angers SCO",
      "crest" : "https://crests.football-data.org/532.png"
    },
    "id" : 542513,
    "time" : "16:15",
    "kickoffAt" : "2025-11-09T16:15:00",
    "status" : "FINISHED"
  }, {
    "date" : "2025-11-09",
    "score" : {
      "away" : 3,
      "home" : 2
    },
    "matchday" : 12,
    "awayTeam" : {
      "name" : "Paris Saint-Germain FC",
      "id" : 524,
      "shortName" : "PSG",
      "crest" : "https://crests.football-data.org/524.png"
    },
    "league" : "Ligue1",
    "homeTeam" : {
      "name" : "Olympique Lyonnais",
      "id" : 523,
      "shortName" : "Olympique Lyon",
      "crest" : "https://crests.football-data.org/523.png"
    },
    "id" : 542510,
    "time" : "19:45",
    "kickoffAt" : "2025-11-09T19:45:00",
    "status" : "FINISHED"
  } ],
  "timestamp" : "2025-11-13T16:04:18.251754"
}