{
  "duration" : 60,
  "data" : [ {
    "date" : "2025-11-07",
    "score" : {
      "away" : 0,
      "home" : 1
    },
    "matchday" : 11,
    "awayTeam" : {
      "name" : "US Cremonese",
      "id" : 457,
      "shortName" : "Cremonese",
      "crest" : "https://crests.football-data.org/457.png"
    },
    "league" : "SerieA",
    "homeTeam" : {
      "name" : "AC Pisa 1909",
      "id" : 487,
      "shortName" : "AC Pisa",
      "crest" : "https://crests.football-data.org/487.png"
    },
    "id" : 536923,
    "time" : "19:45",
    "kickoffAt" : "2025-11-07T19:45:00",
    "status" : "FINISHED"
  }, {
    "date" : "2025-11-08",
    "score" : {
      "away" : 0,
      "home" : 0
    },
    "matchday" : 11,
    "awayTeam" : {
      "name" : "Cagliari Calcio",
      "id" : 104,
      "shortName" : "Cagliari",
      "crest" : "https://crests.football-data.org/104.png"
    },
    "league" : "SerieA",
    "homeTeam" : {
      "name" : "Como 1907",
      "id" : 7397,
      "shortName" : "Como 1907",
      "crest" : "https://crests.football-data.org/7397.png"
    },
    "id" : 536918,
    "time" : "14:00",
    "kickoffAt" : "2025-11-08T14:00:00",
    "status" : "FINISHED"
  }, {
    "date" : "2025-11-08",
    "score" : {
      "away" : 0,
      "home" : 0
    },
    "matchday" : 11,
    "awayTeam" : {
      "name" : "Hellas Verona FC",
      "id" : 450,
      "shortName" : "Verona",
      "crest" : "https://crests.football-data.org/450.png"
    },
    "league" : "SerieA",
    "homeTeam" : {
      "name" : "US Lecce",
      "id" : 5890,
      "shortName" : "Lecce",
      "crest" : "https://crests.football-data.org/5890.png"
    },
    "id" : 536924,
    "time" : "14:00",
    "kickoffAt" : "2025-11-08T14:00:00",
    "status" : "FINISHED"
  }, {
    "date" : "2025-11-08",
    "score" : {
      "away" : 0,
      "home" : 0
    },
    "matchday" : 11,
    "awayTeam" : {
      "name" : "Torino FC",
      "id" : 586,
      "shortName" : "Torino",
      "crest" : "https://crests.football-data.org/586.png"
    },
    "league" : "SerieA",
    "homeTeam" : {
      "name" : "Juventus FC",
      "id" : 109,
      "shortName" : "Juventus",
      "crest" : "https://crests.football-data.org/109.png"
    },
    "id" : 536921,
    "time" : "17:00",
    "kickoffAt" : "2025-11-08T17:00:00",
    "status" : "FINISHED"
  }, {
    "date" : "2025-11-08",
    "score" : {
      "away" : 2,
      "home" : 2
    },
    "matchday" : 11,
    "awayTeam" : {
      "name" : "AC Milan",
      "id" : 98,
      "shortName" : "Milan",
      "crest" : "https://crests.football-data.org/98.png"
    },
    "league" : "SerieA",
    "homeTeam" : {
      "name" : "Parma Calcio 1913",
      "id" : 112,
      "shortName" : "Parma",
      "crest" : "https://crests.football-data.org/112.png"
    },
    "id" : 536922,
    "time" : "19:45",
    "kickoffAt" : "2025-11-08T19:45:00",
    "status" : "FINISHED"
  }, {
    "date" : "2025-11-09",
    "score" : {
      "away" : 3,
      "home" : 0
    },
    "matchday" : 11,
    "awayTeam" : {
      "name" : "US Sassuolo Calcio",
      "id" : 471,
      "shortName" : "Sassuolo",
      "crest" : "https://crests.football-data.org/471.png"
    },
    "league" : "SerieA",
    "homeTeam" : {
      "name" : "Atalanta BC",
      "id" : 102,
      "shortName" : "Atalanta",
      "crest" : "https://crests.football-data.org/102.png"
    },
    "id" : 536916,
    "time" : "11:30",
    "kickoffAt" : "2025-11-09T11:30:00",
    "status" : "FINISHED"
  }, {
    "date" : "2025-11-09",
    "score" : {
      "away" : 2,
      "home" : 2
    },
    "matchday" : 11,
    "awayTeam" : {
      "name" : "ACF Fiorentina",
      "id" : 99,
      "shortName" : "Fiorentina",
      "crest" : "https://crests.football-data.org/99.png"
    },
    "league" : "SerieA",
    "homeTeam" : {
      "name" : "Genoa CFC",
      "id" : 107,
      "shortName" : "Genoa",
      "crest" : "https://crests.football-data.org/107.png"
    },
    "id" : 536917,
    "time" : "14:00",
    "kickoffAt" : "2025-11-09T14:00:00",
    "status" : "FINISHED"
  }, {
    "date" : "2025-11-09",
    "score" : {
      "away" : 0,
      "home" : 2
    },
    "matchday" : 11,
    "awayTeam" : {
      "name" : "SSC Napoli",
      "id" : 113,
      "shortName" : "Napoli",
      "crest" : "https://crests.football-data.org/113.png"
    },
    "league" : "SerieA",
    "homeTeam" : {
      "name" : "Bologna FC 1909",
      "id" : 103,
      "shortName" : "Bologna",
      "crest" : "https://crests.football-data.org/103.png"
    },
    "id" : 536919,
    "time" : "14:00",
    "kickoffAt" : "2025-11-09T14:00:00",
    "status" : "FINISHED"
  }, {
    "date" : "2025-11-09",
    "score" : {
      "away" : 0,
      "home" : 2
    },
    "matchday" : 11,
    "awayTeam" : {
      "name" : "Udinese Calcio",
      "id" : 115,
      "shortName" : "Udinese",
      "crest" : "https://crests.football-data.org/115.png"
    },
    "league" : "SerieA",
    "homeTeam" : {
      "name" : "AS Roma",
      "id" : 100,
      "shortName" : "Roma",
      "crest" : "https://crests.football-data.org/100.png"
    },
    "id" : 536915,
    "time" : "17:00",
    "kickoffAt" : "2025-11-09T17:00:00",
    "status" : "FINISHED"
  }, {
    "date" : "2025-11-09",
    "score" : {
      "away" : 0,
      "home" : 2
    },
    "matchday" : 11,
    "awayTeam" : {
      "name" : "SS Lazio",
      "id" : 110,
      "shortName" : "Lazio",
      "crest" : "https://crests.football-data.org/110.png"
    },
    "league" : "SerieA",
    "homeTeam" : {
      "name" : "FC Internazionale Milano",
      "id" : 108,
      "shortName" : "Inter",
      "crest" : "https://crests.football-data.org/108.png"
    },
    "id" : 536920,
    "time" : "19:45",
    "kickoffAt" : "2025-11-09T19:45:00",
    "status" : "FINISHED"
  } ],
  "timestamp" : "2025-11-13T16:03:42.549365"
}