{
  "duration" : 30,
  "data" : [ {
    "date" : "2025-11-04",
    "score" : {
      "away" : 3,
      "home" : 0
    },
    "matchday" : 4,
    "awayTeam" : {
      "name" : "Arsenal FC",
      "id" : 57,
      "shortName" : "Arsenal",
      "crest" : "https://crests.football-data.org/57.png"
    },
    "league" : "UCL",
    "homeTeam" : {
      "name" : "SK Slavia Praha",
      "id" : 930,
      "shortName" : "Slavia Praha",
      "crest" : "https://crests.football-data.org/930.png"
    },
    "id" : 551979,
    "time" : "17:45",
    "kickoffAt" : "2025-11-04T17:45:00",
    "status" : "FINISHED"
  }, {
    "date" : "2025-11-04",
    "score" : {
      "away" : 0,
      "home" : 0
    },
    "matchday" : 4,
    "awayTeam" : {
      "name" : "Eintracht Frankfurt",
      "id" : 19,
      "shortName" : "Frankfurt",
      "crest" : "https://crests.football-data.org/19.png"
    },
    "league" : "UCL",
    "homeTeam" : {
      "name" : "SSC Napoli",
      "id" : 113,
      "shortName" : "Napoli",
      "crest" : "https://crests.football-data.org/113.png"
    },
    "id" : 551999,
    "time" : "17:45",
    "kickoffAt" : "2025-11-04T17:45:00",
    "status" : "FINISHED"
  }, {
    "date" : "2025-11-04",
    "score" : {
      "away" : 1,
      "home" : 1
    },
    "matchday" : 4,
    "awayTeam" : {
      "name" : "Sporting Clube de Portugal",
      "id" : 498,
      "shortName" : "Sporting CP",
      "crest" : "https://crests.football-data.org/498.png"
    },
    "league" : "UCL",
    "homeTeam" : {
      "name" : "Juventus FC",
      "id" : 109,
      "shortName" : "Juventus",
      "crest" : "https://crests.football-data.org/109.png"
    },
    "id" : 552003,
    "time" : "20:00",
    "kickoffAt" : "2025-11-04T20:00:00",
    "status" : "FINISHED"
  }, {
    "date" : "2025-11-04",
    "score" : {
      "away" : 1,
      "home" : 3
    },
    "matchday" : 4,
    "awayTeam" : {
      "name" : "Royale Union Saint-Gilloise",
      "id" : 3929,
      "shortName" : "Union SG",
      "crest" : "https://crests.football-data.org/3929.png"
    },
    "league" : "UCL",
    "homeTeam" : {
      "name" : "Club Atlético de Madrid",
      "id" : 78,
      "shortName" : "Atleti",
      "crest" : "https://crests.football-data.org/78.png"
    },
    "id" : 552009,
    "time" : "20:00",
    "kickoffAt" : "2025-11-04T20:00:00",
    "status" : "FINISHED"
  }, {
    "date" : "2025-11-04",
    "score" : {
      "away" : 0,
      "home" : 4
    },
    "matchday" : 4,
    "awayTeam" : {
      "name" : "FC København",
      "id" : 1876,
      "shortName" : "København",
      "crest" : "https://crests.football-data.org/1876.png"
    },
    "league" : "UCL",
    "homeTeam" : {
      "name" : "Tottenham Hotspur FC",
      "id" : 73,
      "shortName" : "Tottenham",
      "crest" : "https://crests.football-data.org/73.png"
    },
    "id" : 552021,
    "time" : "20:00",
    "kickoffAt" : "2025-11-04T20:00:00",
    "status" : "FINISHED"
  }, {
    "date" : "2025-11-04",
    "score" : {
      "away" : 1,
      "home" : 0
    },
    "matchday" : 4,
    "awayTeam" : {
      "name" : "AS Monaco FC",
      "id" : 548,
      "shortName" : "Monaco",
      "crest" : "https://crests.football-data.org/548.png"
    },
    "league" : "UCL",
    "homeTeam" : {
      "name" : "FK Bodø/Glimt",
      "id" : 5721,
      "shortName" : "Bodø/Glimt",
      "crest" : "https://crests.football-data.org/5721.png"
    },
    "id" : 552024,
    "time" : "20:00",
    "kickoffAt" : "2025-11-04T20:00:00",
    "status" : "FINISHED"
  }, {
    "date" : "2025-11-04",
    "score" : {
      "away" : 1,
      "home" : 1
    },
    "matchday" : 4,
    "awayTeam" : {
      "name" : "PSV",
      "id" : 674,
      "shortName" : "PSV",
      "crest" : "https://crests.football-data.org/674.png"
    },
    "league" : "UCL",
    "homeTeam" : {
      "name" : "PAE Olympiakos SFP",
      "id" : 654,
      "shortName" : "Olympiakos",
      "crest" : "https://crests.football-data.org/654.png"
    },
    "id" : 552029,
    "time" : "20:00",
    "kickoffAt" : "2025-11-04T20:00:00",
    "status" : "FINISHED"
  }, {
    "date" : "2025-11-04",
    "score" : {
      "away" : 2,
      "home" : 1
    },
    "matchday" : 4,
    "awayTeam" : {
      "name" : "FC Bayern München",
      "id" : 5,
      "shortName" : "Bayern",
      "crest" : "https://crests.football-data.org/5.png"
    },
    "league" : "UCL",
    "homeTeam" : {
      "name" : "Paris Saint-Germain FC",
      "id" : 524,
      "shortName" : "PSG",
      "crest" : "https://crests.football-data.org/524.png"
    },
    "id" : 551909,
    "time" : "20:00",
    "kickoffAt" : "2025-11-04T20:00:00",
    "status" : "FINISHED"
  }, {
    "date" : "2025-11-04",
    "score" : {
      "away" : 0,
      "home" : 1
    },
    "matchday" : 4,
    "awayTeam" : {
      "name" : "Real Madrid CF",
      "id" : 86,
      "shortName" : "Real Madrid",
      "crest" : "https://crests.football-data.org/86.png"
    },
    "league" : "UCL",
    "homeTeam" : {
      "name" : "Liverpool FC",
      "id" : 64,
      "shortName" : "Liverpool",
      "crest" : "https://crests.football-data.org/64.png"
    },
    "id" : 551924,
    "time" : "20:00",
    "kickoffAt" : "2025-11-04T20:00:00",
    "status" : "FINISHED"
  }, {
    "date" : "2025-11-05",
    "score" : {
      "away" : 0,
      "home" : 1
    },
    "matchday" : 4,
    "awayTeam" : {
      "name" : "Villarreal CF",
      "id" : 94,
      "shortName" : "Villarreal",
      "crest" : "https://crests.football-data.org/94.png"
    },
    "league" : "UCL",
    "homeTeam" : {
      "name" : "Paphos FC",
      "id" : 11034,
      "shortName" : "Paphos FC",
      "crest" : "https://crests.football-data.org/11034.png"
    },
    "id" : 552014,
    "time" : "17:45",
    "kickoffAt" : "2025-11-05T17:45:00",
    "status" : "FINISHED"
  }, {
    "date" : "2025-11-05",
    "score" : {
      "away" : 2,
      "home" : 2
    },
    "matchday" : 4,
    "awayTeam" : {
      "name" : "Chelsea FC",
      "id" : 61,
      "shortName" : "Chelsea",
      "crest" : "https://crests.football-data.org/61.png"
    },
    "league" : "UCL",
    "homeTeam" : {
      "name" : "Qarabağ Ağdam FK",
      "id" : 611,
      "shortName" : "Qarabağ Ağdam",
      "crest" : "https://crests.football-data.org/611.png"
    },
    "id" : 551922,
    "time" : "17:45",
    "kickoffAt" : "2025-11-05T17:45:00",
    "status" : "FINISHED"
  }, {
    "date" : "2025-11-05",
    "score" : {
      "away" : 1,
      "home" : 2
    },
    "matchday" : 4,
    "awayTeam" : {
      "name" : "FK Kairat",
      "id" : 10601,
      "shortName" : "FK Kairat",
      "crest" : "https://crests.football-data.org/10601.png"
    },
    "league" : "UCL",
    "homeTeam" : {
      "name" : "FC Internazionale Milano",
      "id" : 108,
      "shortName" : "Inter",
      "crest" : "https://crests.football-data.org/108.png"
    },
    "id" : 551937,
    "time" : "20:00",
    "kickoffAt" : "2025-11-05T20:00:00",
    "status" : "FINISHED"
  }, {
    "date" : "2025-11-05",
    "score" : {
      "away" : 1,
      "home" : 4
    },
    "matchday" : 4,
    "awayTeam" : {
      "name" : "Borussia Dortmund",
      "id" : 4,
      "shortName" : "Dortmund",
      "crest" : "https://crests.football-data.org/4.png"
    },
    "league" : "UCL",
    "homeTeam" : {
      "name" : "Manchester City FC",
      "id" : 65,
      "shortName" : "Man City",
      "crest" : "https://crests.football-data.org/65.png"
    },
    "id" : 551939,
    "time" : "20:00",
    "kickoffAt" : "2025-11-05T20:00:00",
    "status" : "FINISHED"
  }, {
    "date" : "2025-11-05",
    "score" : {
      "away" : 3,
      "home" : 3
    },
    "matchday" : 4,
    "awayTeam" : {
      "name" : "FC Barcelona",
      "id" : 81,
      "shortName" : "Barça",
      "crest" : "https://crests.football-data.org/81.png"
    },
    "league" : "UCL",
    "homeTeam" : {
      "name" : "Club Brugge KV",
      "id" : 851,
      "shortName" : "Club Brugge",
      "crest" : "https://crests.football-data.org/851.png"
    },
    "id" : 551954,
    "time" : "20:00",
    "kickoffAt" : "2025-11-05T20:00:00",
    "status" : "FINISHED"
  }, {
    "date" : "2025-11-05",
    "score" : {
      "away" : 1,
      "home" : 0
    },
    "matchday" : 4,
    "awayTeam" : {
      "name" : "Bayer 04 Leverkusen",
      "id" : 3,
      "shortName" : "Leverkusen",
      "crest" : "https://crests.football-data.org/3.png"
    },
    "league" : "UCL",
    "homeTeam" : {
      "name" : "Sport Lisboa e Benfica",
      "id" : 1903,
      "shortName" : "SL Benfica",
      "crest" : "https://crests.football-data.org/1903.png"
    },
    "id" : 551971,
    "time" : "20:00",
    "kickoffAt" : "2025-11-05T20:00:00",
    "status" : "FINISHED"
  }, {
    "date" : "2025-11-05",
    "score" : {
      "away" : 1,
      "home" : 0
    },
    "matchday" : 4,
    "awayTeam" : {
      "name" : "Atalanta BC",
      "id" : 102,
      "shortName" : "Atalanta",
      "crest" : "https://crests.football-data.org/102.png"
    },
    "league" : "UCL",
    "homeTeam" : {
      "name" : "Olympique de Marseille",
      "id" : 516,
      "shortName" : "Marseille",
      "crest" : "https://crests.football-data.org/516.png"
    },
    "id" : 551985,
    "time" : "20:00",
    "kickoffAt" : "2025-11-05T20:00:00",
    "status" : "FINISHED"
  }, {
    "date" : "2025-11-05",
    "score" : {
      "away" : 3,
      "home" : 0
    },
    "matchday" : 4,
    "awayTeam" : {
      "name" : "Galatasaray SK",
      "id" : 610,
      "shortName" : "Galatasaray",
      "crest" : "https://crests.football-data.org/610.png"
    },
    "league" : "UCL",
    "homeTeam" : {
      "name" : "AFC Ajax",
      "id" : 678,
      "shortName" : "Ajax",
      "crest" : "https://crests.football-data.org/678.png"
    },
    "id" : 552033,
    "time" : "20:00",
    "kickoffAt" : "2025-11-05T20:00:00",
    "status" : "FINISHED"
  }, {
    "date" : "2025-11-05",
    "score" : {
      "away" : 0,
      "home" : 2
    },
    "matchday" : 4,
    "awayTeam" : {
      "name" : "Athletic Club",
      "id" : 77,
      "shortName" : "Athletic",
      "crest" : "https://crests.football-data.org/77.png"
    },
    "league" : "UCL",
    "homeTeam" : {
      "name" : "Newcastle United FC",
      "id" : 67,
      "shortName" : "Newcastle",
      "crest" : "https://crests.football-data.org/67.png"
    },
    "id" : 552047,
    "time" : "20:00",
    "kickoffAt" : "2025-11-05T20:00:00",
    "status" : "FINISHED"
  }, {
    "date" : "2025-11-07",
    "score" : {
      "away" : 1,
      "home" : 2
    },
    "matchday" : 10,
    "awayTeam" : {
      "name" : "VfL Wolfsburg",
      "id" : 11,
      "shortName" : "Wolfsburg",
      "crest" : "https://crests.football-data.org/11.png"
    },
    "league" : "Bundesliga",
    "homeTeam" : {
      "name" : "SV Werder Bremen",
      "id" : 12,
      "shortName" : "Bremen",
      "crest" : "https://crests.football-data.org/12.png"
    },
    "id" : 540490,
    "time" : "19:30",
    "kickoffAt" : "2025-11-07T19:30:00",
    "status" : "FINISHED"
  }, {
    "date" : "2025-11-07",
    "score" : {
      "away" : 0,
      "home" : 1
    },
    "matchday" : 11,
    "awayTeam" : {
      "name" : "US Cremonese",
      "id" : 457,
      "shortName" : "Cremonese",
      "crest" : "https://crests.football-data.org/457.png"
    },
    "league" : "SerieA",
    "homeTeam" : {
      "name" : "AC Pisa 1909",
      "id" : 487,
      "shortName" : "AC Pisa",
      "crest" : "https://crests.football-data.org/487.png"
    },
    "id" : 536923,
    "time" : "19:45",
    "kickoffAt" : "2025-11-07T19:45:00",
    "status" : "FINISHED"
  }, {
    "date" : "2025-11-07",
    "score" : {
      "away" : 1,
      "home" : 1
    },
    "matchday" : 12,
    "awayTeam" : {
      "name" : "Real Sociedad de Fútbol",
      "id" : 92,
      "shortName" : "Real Sociedad",
      "crest" : "https://crests.football-data.org/92.png"
    },
    "league" : "LaLiga",
    "homeTeam" : {
      "name" : "Elche CF",
      "id" : 285,
      "shortName" : "Elche",
      "crest" : "https://crests.football-data.org/285.png"
    },
    "id" : 544323,
    "time" : "20:00",
    "kickoffAt" : "2025-11-07T20:00:00",
    "status" : "FINISHED"
  }, {
    "date" : "2025-11-08",
    "score" : {
      "away" : 2,
      "home" : 2
    },
    "matchday" : 11,
    "awayTeam" : {
      "name" : "Manchester United FC",
      "id" : 66,
      "shortName" : "Man United",
      "crest" : "https://crests.football-data.org/66.png"
    },
    "league" : "EPL",
    "homeTeam" : {
      "name" : "Tottenham Hotspur FC",
      "id" : 73,
      "shortName" : "Tottenham",
      "crest" : "https://crests.football-data.org/73.png"
    },
    "id" : 537893,
    "time" : "12:30",
    "kickoffAt" : "2025-11-08T12:30:00",
    "status" : "FINISHED"
  }, {
    "date" : "2025-11-08",
    "score" : {
      "away" : 0,
      "home" : 1
    },
    "matchday" : 12,
    "awayTeam" : {
      "name" : "Deportivo Alavés",
      "id" : 263,
      "shortName" : "Alavés",
      "crest" : "https://crests.football-data.org/263.png"
    },
    "league" : "LaLiga",
    "homeTeam" : {
      "name" : "Girona FC",
      "id" : 298,
      "shortName" : "Girona",
      "crest" : "https://crests.football-data.org/298.png"
    },
    "id" : 544326,
    "time" : "13:00",
    "kickoffAt" : "2025-11-08T13:00:00",
    "status" : "FINISHED"
  }, {
    "date" : "2025-11-08",
    "score" : {
      "away" : 0,
      "home" : 0
    },
    "matchday" : 11,
    "awayTeam" : {
      "name" : "Cagliari Calcio",
      "id" : 104,
      "shortName" : "Cagliari",
      "crest" : "https://crests.football-data.org/104.png"
    },
    "league" : "SerieA",
    "homeTeam" : {
      "name" : "Como 1907",
      "id" : 7397,
      "shortName" : "Como 1907",
      "crest" : "https://crests.football-data.org/7397.png"
    },
    "id" : 536918,
    "time" : "14:00",
    "kickoffAt" : "2025-11-08T14:00:00",
    "status" : "FINISHED"
  }, {
    "date" : "2025-11-08",
    "score" : {
      "away" : 0,
      "home" : 0
    },
    "matchday" : 11,
    "awayTeam" : {
      "name" : "Hellas Verona FC",
      "id" : 450,
      "shortName" : "Verona",
      "crest" : "https://crests.football-data.org/450.png"
    },
    "league" : "SerieA",
    "homeTeam" : {
      "name" : "US Lecce",
      "id" : 5890,
      "shortName" : "Lecce",
      "crest" : "https://crests.football-data.org/5890.png"
    },
    "id" : 536924,
    "time" : "14:00",
    "kickoffAt" : "2025-11-08T14:00:00",
    "status" : "FINISHED"
  }, {
    "date" : "2025-11-08",
    "score" : {
      "away" : 0,
      "home" : 6
    },
    "matchday" : 10,
    "awayTeam" : {
      "name" : "1. FC Heidenheim 1846",
      "id" : 44,
      "shortName" : "Heidenheim",
      "crest" : "https://crests.football-data.org/44.png"
    },
    "league" : "Bundesliga",
    "homeTeam" : {
      "name" : "Bayer 04 Leverkusen",
      "id" : 3,
      "shortName" : "Leverkusen",
      "crest" : "https://crests.football-data.org/3.png"
    },
    "id" : 540487,
    "time" : "14:30",
    "kickoffAt" : "2025-11-08T14:30:00",
    "status" : "FINISHED"
  }, {
    "date" : "2025-11-08",
    "score" : {
      "away" : 2,
      "home" : 2
    },
    "matchday" : 10,
    "awayTeam" : {
      "name" : "FC Bayern München",
      "id" : 5,
      "shortName" : "Bayern",
      "crest" : "https://crests.football-data.org/5.png"
    },
    "league" : "Bundesliga",
    "homeTeam" : {
      "name" : "1. FC Union Berlin",
      "id" : 28,
      "shortName" : "Union Berlin",
      "crest" : "https://crests.football-data.org/28.png"
    },
    "id" : 540493,
    "time" : "14:30",
    "kickoffAt" : "2025-11-08T14:30:00",
    "status" : "FINISHED"
  }, {
    "date" : "2025-11-08",
    "score" : {
      "away" : 1,
      "home" : 3
    },
    "matchday" : 10,
    "awayTeam" : {
      "name" : "RB Leipzig",
      "id" : 721,
      "shortName" : "RB Leipzig",
      "crest" : "https://crests.football-data.org/721.png"
    },
    "league" : "Bundesliga",
    "homeTeam" : {
      "name" : "TSG 1899 Hoffenheim",
      "id" : 2,
      "shortName" : "Hoffenheim",
      "crest" : "https://crests.football-data.org/2.png"
    },
    "id" : 540494,
    "time" : "14:30",
    "kickoffAt" : "2025-11-08T14:30:00",
    "status" : "FINISHED"
  }, {
    "date" : "2025-11-08",
    "score" : {
      "away" : 1,
      "home" : 1
    },
    "matchday" : 10,
    "awayTeam" : {
      "name" : "Borussia Dortmund",
      "id" : 4,
      "shortName" : "Dortmund",
      "crest" : "https://crests.football-data.org/4.png"
    },
    "league" : "Bundesliga",
    "homeTeam" : {
      "name" : "Hamburger SV",
      "id" : 7,
      "shortName" : "HSV",
      "crest" : "https://crests.football-data.org/7.png"
    },
    "id" : 540495,
    "time" : "14:30",
    "kickoffAt" : "2025-11-08T14:30:00",
    "status" : "FINISHED"
  }, {
    "date" : "2025-11-08",
    "score" : {
      "away" : 0,
      "home" : 2
    },
    "matchday" : 11,
    "awayTeam" : {
      "name" : "Fulham FC",
      "id" : 63,
      "shortName" : "Fulham",
      "crest" : "https://crests.football-data.org/63.png"
    },
    "league" : "EPL",
    "homeTeam" : {
      "name" : "Everton FC",
      "id" : 62,
      "shortName" : "Everton",
      "crest" : "https://crests.football-data.org/62.png"
    },
    "id" : 537890,
    "time" : "15:00",
    "kickoffAt" : "2025-11-08T15:00:00",
    "status" : "FINISHED"
  }, {
    "date" : "2025-11-08",
    "score" : {
      "away" : 2,
      "home" : 3
    },
    "matchday" : 11,
    "awayTeam" : {
      "name" : "Burnley FC",
      "id" : 328,
      "shortName" : "Burnley",
      "crest" : "https://crests.football-data.org/328.png"
    },
    "league" : "EPL",
    "homeTeam" : {
      "name" : "West Ham United FC",
      "id" : 563,
      "shortName" : "West Ham",
      "crest" : "https://crests.football-data.org/563.png"
    },
    "id" : 537894,
    "time" : "15:00",
    "kickoffAt" : "2025-11-08T15:00:00",
    "status" : "FINISHED"
  }, {
    "date" : "2025-11-08",
    "score" : {
      "away" : 0,
      "home" : 1
    },
    "matchday" : 12,
    "awayTeam" : {
      "name" : "CA Osasuna",
      "id" : 79,
      "shortName" : "Osasuna",
      "crest" : "https://crests.football-data.org/79.png"
    },
    "league" : "LaLiga",
    "homeTeam" : {
      "name" : "Sevilla FC",
      "id" : 559,
      "shortName" : "Sevilla FC",
      "crest" : "https://crests.football-data.org/559.png"
    },
    "id" : 544330,
    "time" : "15:15",
    "kickoffAt" : "2025-11-08T15:15:00",
    "status" : "FINISHED"
  }, {
    "date" : "2025-11-08",
    "score" : {
      "away" : 0,
      "home" : 0
    },
    "matchday" : 11,
    "awayTeam" : {
      "name" : "Torino FC",
      "id" : 586,
      "shortName" : "Torino",
      "crest" : "https://crests.football-data.org/586.png"
    },
    "league" : "SerieA",
    "homeTeam" : {
      "name" : "Juventus FC",
      "id" : 109,
      "shortName" : "Juventus",
      "crest" : "https://crests.football-data.org/109.png"
    },
    "id" : 536921,
    "time" : "17:00",
    "kickoffAt" : "2025-11-08T17:00:00",
    "status" : "FINISHED"
  }, {
    "date" : "2025-11-08",
    "score" : {
      "away" : 2,
      "home" : 2
    },
    "matchday" : 11,
    "awayTeam" : {
      "name" : "Arsenal FC",
      "id" : 57,
      "shortName" : "Arsenal",
      "crest" : "https://crests.football-data.org/57.png"
    },
    "league" : "EPL",
    "homeTeam" : {
      "name" : "Sunderland AFC",
      "id" : 71,
      "shortName" : "Sunderland",
      "crest" : "https://crests.football-data.org/71.png"
    },
    "id" : 537885,
    "time" : "17:30",
    "kickoffAt" : "2025-11-08T17:30:00",
    "status" : "FINISHED"
  }, {
    "date" : "2025-11-08",
    "score" : {
      "away" : 1,
      "home" : 3
    },
    "matchday" : 12,
    "awayTeam" : {
      "name" : "Levante UD",
      "id" : 88,
      "shortName" : "Levante",
      "crest" : "https://crests.football-data.org/88.png"
    },
    "league" : "LaLiga",
    "homeTeam" : {
      "name" : "Club Atlético de Madrid",
      "id" : 78,
      "shortName" : "Atleti",
      "crest" : "https://crests.football-data.org/78.png"
    },
    "id" : 544322,
    "time" : "17:30",
    "kickoffAt" : "2025-11-08T17:30:00",
    "status" : "FINISHED"
  }, {
    "date" : "2025-11-08",
    "score" : {
      "away" : 1,
      "home" : 3
    },
    "matchday" : 10,
    "awayTeam" : {
      "name" : "1. FC Köln",
      "id" : 1,
      "shortName" : "1. FC Köln",
      "crest" : "https://crests.football-data.org/1.png"
    },
    "league" : "Bundesliga",
    "homeTeam" : {
      "name" : "Borussia Mönchengladbach",
      "id" : 18,
      "shortName" : "M'gladbach",
      "crest" : "https://crests.football-data.org/18.png"
    },
    "id" : 540492,
    "time" : "17:30",
    "kickoffAt" : "2025-11-08T17:30:00",
    "status" : "FINISHED"
  }, {
    "date" : "2025-11-08",
    "score" : {
      "away" : 2,
      "home" : 2
    },
    "matchday" : 11,
    "awayTeam" : {
      "name" : "AC Milan",
      "id" : 98,
      "shortName" : "Milan",
      "crest" : "https://crests.football-data.org/98.png"
    },
    "league" : "SerieA",
    "homeTeam" : {
      "name" : "Parma Calcio 1913",
      "id" : 112,
      "shortName" : "Parma",
      "crest" : "https://crests.football-data.org/112.png"
    },
    "id" : 536922,
    "time" : "19:45",
    "kickoffAt" : "2025-11-08T19:45:00",
    "status" : "FINISHED"
  }, {
    "date" : "2025-11-08",
    "score" : {
      "away" : 0,
      "home" : 3
    },
    "matchday" : 11,
    "awayTeam" : {
      "name" : "Wolverhampton Wanderers FC",
      "id" : 76,
      "shortName" : "Wolverhampton",
      "crest" : "https://crests.football-data.org/76.png"
    },
    "league" : "EPL",
    "homeTeam" : {
      "name" : "Chelsea FC",
      "id" : 61,
      "shortName" : "Chelsea",
      "crest" : "https://crests.football-data.org/61.png"
    },
    "id" : 537889,
    "time" : "20:00",
    "kickoffAt" : "2025-11-08T20:00:00",
    "status" : "FINISHED"
  }, {
    "date" : "2025-11-08",
    "score" : {
      "away" : 2,
      "home" : 0
    },
    "matchday" : 12,
    "awayTeam" : {
      "name" : "Villarreal CF",
      "id" : 94,
      "shortName" : "Villarreal",
      "crest" : "https://crests.football-data.org/94.png"
    },
    "league" : "LaLiga",
    "homeTeam" : {
      "name" : "RCD Espanyol de Barcelona",
      "id" : 80,
      "shortName" : "Espanyol",
      "crest" : "https://crests.football-data.org/80.png"
    },
    "id" : 544324,
    "time" : "20:00",
    "kickoffAt" : "2025-11-08T20:00:00",
    "status" : "FINISHED"
  }, {
    "date" : "2025-11-09",
    "score" : {
      "away" : 3,
      "home" : 0
    },
    "matchday" : 11,
    "awayTeam" : {
      "name" : "US Sassuolo Calcio",
      "id" : 471,
      "shortName" : "Sassuolo",
      "crest" : "https://crests.football-data.org/471.png"
    },
    "league" : "SerieA",
    "homeTeam" : {
      "name" : "Atalanta BC",
      "id" : 102,
      "shortName" : "Atalanta",
      "crest" : "https://crests.football-data.org/102.png"
    },
    "id" : 536916,
    "time" : "11:30",
    "kickoffAt" : "2025-11-09T11:30:00",
    "status" : "FINISHED"
  }, {
    "date" : "2025-11-09",
    "score" : {
      "away" : 0,
      "home" : 1
    },
    "matchday" : 12,
    "awayTeam" : {
      "name" : "Real Oviedo",
      "id" : 1048,
      "shortName" : "Real Oviedo",
      "crest" : "https://crests.football-data.org/1048.png"
    },
    "league" : "LaLiga",
    "homeTeam" : {
      "name" : "Athletic Club",
      "id" : 77,
      "shortName" : "Athletic",
      "crest" : "https://crests.football-data.org/77.png"
    },
    "id" : 544321,
    "time" : "13:00",
    "kickoffAt" : "2025-11-09T13:00:00",
    "status" : "FINISHED"
  }, {
    "date" : "2025-11-09",
    "score" : {
      "away" : 0,
      "home" : 4
    },
    "matchday" : 11,
    "awayTeam" : {
      "name" : "AFC Bournemouth",
      "id" : 1044,
      "shortName" : "Bournemouth",
      "crest" : "https://crests.football-data.org/bournemouth.png"
    },
    "league" : "EPL",
    "homeTeam" : {
      "name" : "Aston Villa FC",
      "id" : 58,
      "shortName" : "Aston Villa",
      "crest" : "https://crests.football-data.org/58.png"
    },
    "id" : 537886,
    "time" : "14:00",
    "kickoffAt" : "2025-11-09T14:00:00",
    "status" : "FINISHED"
  }, {
    "date" : "2025-11-09",
    "score" : {
      "away" : 0,
      "home" : 0
    },
    "matchday" : 11,
    "awayTeam" : {
      "name" : "Brighton & Hove Albion FC",
      "id" : 397,
      "shortName" : "Brighton Hove",
      "crest" : "https://crests.football-data.org/397.png"
    },
    "league" : "EPL",
    "homeTeam" : {
      "name" : "Crystal Palace FC",
      "id" : 354,
      "shortName" : "Crystal Palace",
      "crest" : "https://crests.football-data.org/354.png"
    },
    "id" : 537887,
    "time" : "14:00",
    "kickoffAt" : "2025-11-09T14:00:00",
    "status" : "FINISHED"
  }, {
    "date" : "2025-11-09",
    "score" : {
      "away" : 1,
      "home" : 3
    },
    "matchday" : 11,
    "awayTeam" : {
      "name" : "Newcastle United FC",
      "id" : 67,
      "shortName" : "Newcastle",
      "crest" : "https://crests.football-data.org/67.png"
    },
    "league" : "EPL",
    "homeTeam" : {
      "name" : "Brentford FC",
      "id" : 402,
      "shortName" : "Brentford",
      "crest" : "https://crests.football-data.org/402.png"
    },
    "id" : 537888,
    "time" : "14:00",
    "kickoffAt" : "2025-11-09T14:00:00",
    "status" : "FINISHED"
  }, {
    "date" : "2025-11-09",
    "score" : {
      "away" : 1,
      "home" : 3
    },
    "matchday" : 11,
    "awayTeam" : {
      "name" : "Leeds United FC",
      "id" : 341,
      "shortName" : "Leeds United",
      "crest" : "https://crests.football-data.org/341.png"
    },
    "league" : "EPL",
    "homeTeam" : {
      "name" : "Nottingham Forest FC",
      "id" : 351,
      "shortName" : "Nottingham",
      "crest" : "https://crests.football-data.org/351.png"
    },
    "id" : 537892,
    "time" : "14:00",
    "kickoffAt" : "2025-11-09T14:00:00",
    "status" : "FINISHED"
  }, {
    "date" : "2025-11-09",
    "score" : {
      "away" : 2,
      "home" : 2
    },
    "matchday" : 11,
    "awayTeam" : {
      "name" : "ACF Fiorentina",
      "id" : 99,
      "shortName" : "Fiorentina",
      "crest" : "https://crests.football-data.org/99.png"
    },
    "league" : "SerieA",
    "homeTeam" : {
      "name" : "Genoa CFC",
      "id" : 107,
      "shortName" : "Genoa",
      "crest" : "https://crests.football-data.org/107.png"
    },
    "id" : 536917,
    "time" : "14:00",
    "kickoffAt" : "2025-11-09T14:00:00",
    "status" : "FINISHED"
  }, {
    "date" : "2025-11-09",
    "score" : {
      "away" : 0,
      "home" : 2
    },
    "matchday" : 11,
    "awayTeam" : {
      "name" : "SSC Napoli",
      "id" : 113,
      "shortName" : "Napoli",
      "crest" : "https://crests.football-data.org/113.png"
    },
    "league" : "SerieA",
    "homeTeam" : {
      "name" : "Bologna FC 1909",
      "id" : 103,
      "shortName" : "Bologna",
      "crest" : "https://crests.football-data.org/103.png"
    },
    "id" : 536919,
    "time" : "14:00",
    "kickoffAt" : "2025-11-09T14:00:00",
    "status" : "FINISHED"
  }, {
    "date" : "2025-11-09",
    "score" : {
      "away" : 1,
      "home" : 2
    },
    "matchday" : 10,
    "awayTeam" : {
      "name" : "FC St. Pauli 1910",
      "id" : 20,
      "shortName" : "St. Pauli",
      "crest" : "https://crests.football-data.org/20.png"
    },
    "league" : "Bundesliga",
    "homeTeam" : {
      "name" : "SC Freiburg",
      "id" : 17,
      "shortName" : "Freiburg",
      "crest" : "https://crests.football-data.org/17.png"
    },
    "id" : 540489,
    "time" : "14:30",
    "kickoffAt" : "2025-11-09T14:30:00",
    "status" : "FINISHED"
  }, {
    "date" : "2025-11-09",
    "score" : {
      "away" : 0,
      "home" : 0
    },
    "matchday" : 12,
    "awayTeam" : {
      "name" : "Real Madrid CF",
      "id" : 86,
      "shortName" : "Real Madrid",
      "crest" : "https://crests.football-data.org/86.png"
    },
    "league" : "LaLiga",
    "homeTeam" : {
      "name" : "Rayo Vallecano de Madrid",
      "id" : 87,
      "shortName" : "Rayo Vallecano",
      "crest" : "https://crests.football-data.org/87.png"
    },
    "id" : 544325,
    "time" : "15:15",
    "kickoffAt" : "2025-11-09T15:15:00",
    "status" : "FINISHED"
  }, {
    "date" : "2025-11-09",
    "score" : {
      "away" : 0,
      "home" : 3
    },
    "matchday" : 11,
    "awayTeam" : {
      "name" : "Liverpool FC",
      "id" : 64,
      "shortName" : "Liverpool",
      "crest" : "https://crests.football-data.org/64.png"
    },
    "league" : "EPL",
    "homeTeam" : {
      "name" : "Manchester City FC",
      "id" : 65,
      "shortName" : "Man City",
      "crest" : "https://crests.football-data.org/65.png"
    },
    "id" : 537891,
    "time" : "16:30",
    "kickoffAt" : "2025-11-09T16:30:00",
    "status" : "FINISHED"
  }, {
    "date" : "2025-11-09",
    "score" : {
      "away" : 2,
      "home" : 3
    },
    "matchday" : 10,
    "awayTeam" : {
      "name" : "FC Augsburg",
      "id" : 16,
      "shortName" : "Augsburg",
      "crest" : "https://crests.football-data.org/16.png"
    },
    "league" : "Bundesliga",
    "homeTeam" : {
      "name" : "VfB Stuttgart",
      "id" : 10,
      "shortName" : "Stuttgart",
      "crest" : "https://crests.football-data.org/10.png"
    },
    "id" : 540491,
    "time" : "16:30",
    "kickoffAt" : "2025-11-09T16:30:00",
    "status" : "FINISHED"
  }, {
    "date" : "2025-11-09",
    "score" : {
      "away" : 0,
      "home" : 2
    },
    "matchday" : 11,
    "awayTeam" : {
      "name" : "Udinese Calcio",
      "id" : 115,
      "shortName" : "Udinese",
      "crest" : "https://crests.football-data.org/115.png"
    },
    "league" : "SerieA",
    "homeTeam" : {
      "name" : "AS Roma",
      "id" : 100,
      "shortName" : "Roma",
      "crest" : "https://crests.football-data.org/100.png"
    },
    "id" : 536915,
    "time" : "17:00",
    "kickoffAt" : "2025-11-09T17:00:00",
    "status" : "FINISHED"
  }, {
    "date" : "2025-11-09",
    "score" : {
      "away" : 1,
      "home" : 1
    },
    "matchday" : 12,
    "awayTeam" : {
      "name" : "Real Betis Balompié",
      "id" : 90,
      "shortName" : "Real Betis",
      "crest" : "https://crests.football-data.org/90.png"
    },
    "league" : "LaLiga",
    "homeTeam" : {
      "name" : "Valencia CF",
      "id" : 95,
      "shortName" : "Valencia",
      "crest" : "https://crests.football-data.org/95.png"
    },
    "id" : 544328,
    "time" : "17:30",
    "kickoffAt" : "2025-11-09T17:30:00",
    "status" : "FINISHED"
  }, {
    "date" : "2025-11-09",
    "score" : {
      "away" : 0,
      "home" : 1
    },
    "matchday" : 12,
    "awayTeam" : {
      "name" : "Getafe CF",
      "id" : 82,
      "shortName" : "Getafe",
      "crest" : "https://crests.football-data.org/82.png"
    },
    "league" : "LaLiga",
    "homeTeam" : {
      "name" : "RCD Mallorca",
      "id" : 89,
      "shortName" : "Mallorca",
      "crest" : "https://crests.football-data.org/89.png"
    },
    "id" : 544329,
    "time" : "17:30",
    "kickoffAt" : "2025-11-09T17:30:00",
    "status" : "FINISHED"
  }, {
    "date" : "2025-11-09",
    "score" : {
      "away" : 0,
      "home" : 1
    },
    "matchday" : 10,
    "awayTeam" : {
      "name" : "1. FSV Mainz 05",
      "id" : 15,
      "shortName" : "Mainz",
      "crest" : "https://crests.football-data.org/15.png"
    },
    "league" : "Bundesliga",
    "homeTeam" : {
      "name" : "Eintracht Frankfurt",
      "id" : 19,
      "shortName" : "Frankfurt",
      "crest" : "https://crests.football-data.org/19.png"
    },
    "id" : 540488,
    "time" : "18:30",
    "kickoffAt" : "2025-11-09T18:30:00",
    "status" : "FINISHED"
  }, {
    "date" : "2025-11-09",
    "score" : {
      "away" : 0,
      "home" : 2
    },
    "matchday" : 11,
    "awayTeam" : {
      "name" : "SS Lazio",
      "id" : 110,
      "shortName" : "Lazio",
      "crest" : "https://crests.football-data.org/110.png"
    },
    "league" : "SerieA",
    "homeTeam" : {
      "name" : "FC Internazionale Milano",
      "id" : 108,
      "shortName" : "Inter",
      "crest" : "https://crests.football-data.org/108.png"
    },
    "id" : 536920,
    "time" : "19:45",
    "kickoffAt" : "2025-11-09T19:45:00",
    "status" : "FINISHED"
  }, {
    "date" : "2025-11-09",
    "score" : {
      "away" : 4,
      "home" : 2
    },
    "matchday" : 12,
    "awayTeam" : {
      "name" : "FC Barcelona",
      "id" : 81,
      "shortName" : "Barça",
      "crest" : "https://crests.football-data.org/81.png"
    },
    "league" : "LaLiga",
    "homeTeam" : {
      "name" : "RC Celta de Vigo",
      "id" : 558,
      "shortName" : "Celta",
      "crest" : "https://crests.football-data.org/558.png"
    },
    "id" : 544327,
    "time" : "20:00",
    "kickoffAt" : "2025-11-09T20:00:00",
    "status" : "FINISHED"
  } ],
  "timestamp" : "2025-11-12T22:12:26.120946900"
}