{
  "duration" : 60,
  "data" : [ {
    "date" : "2025-11-21",
    "score" : {
      "away" : null,
      "home" : null
    },
    "matchday" : 13,
    "awayTeam" : {
      "name" : "Levante UD",
      "id" : 88,
      "shortName" : "Levante",
      "crest" : "https://crests.football-data.org/88.png"
    },
    "league" : "LaLiga",
    "homeTeam" : {
      "name" : "Valencia CF",
      "id" : 95,
      "shortName" : "Valencia",
      "crest" : "https://crests.football-data.org/95.png"
    },
    "id" : 544339,
    "time" : "20:00",
    "kickoffAt" : "2025-11-21T20:00:00",
    "status" : "TIMED"
  }, {
    "date" : "2025-11-22",
    "score" : {
      "away" : null,
      "home" : null
    },
    "matchday" : 13,
    "awayTeam" : {
      "name" : "RC Celta de Vigo",
      "id" : 558,
      "shortName" : "Celta",
      "crest" : "https://crests.football-data.org/558.png"
    },
    "league" : "LaLiga",
    "homeTeam" : {
      "name" : "Deportivo Alavés",
      "id" : 263,
      "shortName" : "Alavés",
      "crest" : "https://crests.football-data.org/263.png"
    },
    "id" : 544331,
    "time" : "13:00",
    "kickoffAt" : "2025-11-22T13:00:00",
    "status" : "TIMED"
  }, {
    "date" : "2025-11-22",
    "score" : {
      "away" : null,
      "home" : null
    },
    "matchday" : 13,
    "awayTeam" : {
      "name" : "Athletic Club",
      "id" : 77,
      "shortName" : "Athletic",
      "crest" : "https://crests.football-data.org/77.png"
    },
    "league" : "LaLiga",
    "homeTeam" : {
      "name" : "FC Barcelona",
      "id" : 81,
      "shortName" : "Barça",
      "crest" : "https://crests.football-data.org/81.png"
    },
    "id" : 544337,
    "time" : "15:15",
    "kickoffAt" : "2025-11-22T15:15:00",
    "status" : "TIMED"
  }, {
    "date" : "2025-11-22",
    "score" : {
      "away" : null,
      "home" : null
    },
    "matchday" : 13,
    "awayTeam" : {
      "name" : "Real Sociedad de Fútbol",
      "id" : 92,
      "shortName" : "Real Sociedad",
      "crest" : "https://crests.football-data.org/92.png"
    },
    "league" : "LaLiga",
    "homeTeam" : {
      "name" : "CA Osasuna",
      "id" : 79,
      "shortName" : "Osasuna",
      "crest" : "https://crests.football-data.org/79.png"
    },
    "id" : 544335,
    "time" : "17:30",
    "kickoffAt" : "2025-11-22T17:30:00",
    "status" : "TIMED"
  }, {
    "date" : "2025-11-22",
    "score" : {
      "away" : null,
      "home" : null
    },
    "matchday" : 13,
    "awayTeam" : {
      "name" : "RCD Mallorca",
      "id" : 89,
      "shortName" : "Mallorca",
      "crest" : "https://crests.football-data.org/89.png"
    },
    "league" : "LaLiga",
    "homeTeam" : {
      "name" : "Villarreal CF",
      "id" : 94,
      "shortName" : "Villarreal",
      "crest" : "https://crests.football-data.org/94.png"
    },
    "id" : 544340,
    "time" : "20:00",
    "kickoffAt" : "2025-11-22T20:00:00",
    "status" : "TIMED"
  }, {
    "date" : "2025-11-23",
    "score" : {
      "away" : null,
      "home" : null
    },
    "matchday" : 13,
    "awayTeam" : {
      "name" : "Rayo Vallecano de Madrid",
      "id" : 87,
      "shortName" : "Rayo Vallecano",
      "crest" : "https://crests.football-data.org/87.png"
    },
    "league" : "LaLiga",
    "homeTeam" : {
      "name" : "Real Oviedo",
      "id" : 1048,
      "shortName" : "Real Oviedo",
      "crest" : "https://crests.football-data.org/1048.png"
    },
    "id" : 544336,
    "time" : "13:00",
    "kickoffAt" : "2025-11-23T13:00:00",
    "status" : "TIMED"
  }, {
    "date" : "2025-11-23",
    "score" : {
      "away" : null,
      "home" : null
    },
    "matchday" : 13,
    "awayTeam" : {
      "name" : "Girona FC",
      "id" : 298,
      "shortName" : "Girona",
      "crest" : "https://crests.football-data.org/298.png"
    },
    "league" : "LaLiga",
    "homeTeam" : {
      "name" : "Real Betis Balompié",
      "id" : 90,
      "shortName" : "Real Betis",
      "crest" : "https://crests.football-data.org/90.png"
    },
    "id" : 544332,
    "time" : "15:15",
    "kickoffAt" : "2025-11-23T15:15:00",
    "status" : "TIMED"
  }, {
    "date" : "2025-11-23",
    "score" : {
      "away" : null,
      "home" : null
    },
    "matchday" : 13,
    "awayTeam" : {
      "name" : "Club Atlético de Madrid",
      "id" : 78,
      "shortName" : "Atleti",
      "crest" : "https://crests.football-data.org/78.png"
    },
    "league" : "LaLiga",
    "homeTeam" : {
      "name" : "Getafe CF",
      "id" : 82,
      "shortName" : "Getafe",
      "crest" : "https://crests.football-data.org/82.png"
    },
    "id" : 544338,
    "time" : "17:30",
    "kickoffAt" : "2025-11-23T17:30:00",
    "status" : "TIMED"
  }, {
    "date" : "2025-11-23",
    "score" : {
      "away" : null,
      "home" : null
    },
    "matchday" : 13,
    "awayTeam" : {
      "name" : "Real Madrid CF",
      "id" : 86,
      "shortName" : "Real Madrid",
      "crest" : "https://crests.football-data.org/86.png"
    },
    "league" : "LaLiga",
    "homeTeam" : {
      "name" : "Elche CF",
      "id" : 285,
      "shortName" : "Elche",
      "crest" : "https://crests.football-data.org/285.png"
    },
    "id" : 544333,
    "time" : "20:00",
    "kickoffAt" : "2025-11-23T20:00:00",
    "status" : "TIMED"
  }, {
    "date" : "2025-11-24",
    "score" : {
      "away" : null,
      "home" : null
    },
    "matchday" : 13,
    "awayTeam" : {
      "name" : "Sevilla FC",
      "id" : 559,
      "shortName" : "Sevilla FC",
      "crest" : "https://crests.football-data.org/559.png"
    },
    "league" : "LaLiga",
    "homeTeam" : {
      "name" : "RCD Espanyol de Barcelona",
      "id" : 80,
      "shortName" : "Espanyol",
      "crest" : "https://crests.football-data.org/80.png"
    },
    "id" : 544334,
    "time" : "20:00",
    "kickoffAt" : "2025-11-24T20:00:00",
    "status" : "TIMED"
  } ],
  "timestamp" : "2025-11-13T15:44:46.496943300"
}