{
  "duration" : 60,
  "data" : [ {
    "date" : "2025-11-21",
    "score" : {
      "away" : null,
      "home" : null
    },
    "matchday" : 13,
    "awayTeam" : {
      "name" : "Olympique de Marseille",
      "id" : 516,
      "shortName" : "Marseille",
      "crest" : "https://crests.football-data.org/516.png"
    },
    "league" : "Ligue1",
    "homeTeam" : {
      "name" : "OGC Nice",
      "id" : 522,
      "shortName" : "Nice",
      "crest" : "https://crests.football-data.org/522.png"
    },
    "id" : 542517,
    "time" : "19:45",
    "kickoffAt" : "2025-11-21T19:45:00",
    "status" : "TIMED"
  }, {
    "date" : "2025-11-22",
    "score" : {
      "away" : null,
      "home" : null
    },
    "matchday" : 13,
    "awayTeam" : {
      "name" : "RC Strasbourg Alsace",
      "id" : 576,
      "shortName" : "Strasbourg",
      "crest" : "https://crests.football-data.org/576.png"
    },
    "league" : "Ligue1",
    "homeTeam" : {
      "name" : "Racing Club de Lens",
      "id" : 546,
      "shortName" : "RC Lens",
      "crest" : "https://crests.football-data.org/546.png"
    },
    "id" : 542520,
    "time" : "16:00",
    "kickoffAt" : "2025-11-22T16:00:00",
    "status" : "TIMED"
  }, {
    "date" : "2025-11-22",
    "score" : {
      "away" : null,
      "home" : null
    },
    "matchday" : 13,
    "awayTeam" : {
      "name" : "AS Monaco FC",
      "id" : 548,
      "shortName" : "Monaco",
      "crest" : "https://crests.football-data.org/548.png"
    },
    "league" : "Ligue1",
    "homeTeam" : {
      "name" : "Stade Rennais FC 1901",
      "id" : 529,
      "shortName" : "Stade Rennais",
      "crest" : "https://crests.football-data.org/529.png"
    },
    "id" : 542522,
    "time" : "18:00",
    "kickoffAt" : "2025-11-22T18:00:00",
    "status" : "TIMED"
  }, {
    "date" : "2025-11-22",
    "score" : {
      "away" : null,
      "home" : null
    },
    "matchday" : 13,
    "awayTeam" : {
      "name" : "Le Havre AC",
      "id" : 533,
      "shortName" : "Le Havre",
      "crest" : "https://crests.football-data.org/533.png"
    },
    "league" : "Ligue1",
    "homeTeam" : {
      "name" : "Paris Saint-Germain FC",
      "id" : 524,
      "shortName" : "PSG",
      "crest" : "https://crests.football-data.org/524.png"
    },
    "id" : 542519,
    "time" : "20:05",
    "kickoffAt" : "2025-11-22T20:05:00",
    "status" : "TIMED"
  }, {
    "date" : "2025-11-23",
    "score" : {
      "away" : null,
      "home" : null
    },
    "matchday" : 13,
    "awayTeam" : {
      "name" : "Olympique Lyonnais",
      "id" : 523,
      "shortName" : "Olympique Lyon",
      "crest" : "https://crests.football-data.org/523.png"
    },
    "league" : "Ligue1",
    "homeTeam" : {
      "name" : "AJ Auxerre",
      "id" : 519,
      "shortName" : "Auxerre",
      "crest" : "https://crests.football-data.org/519.png"
    },
    "id" : 542514,
    "time" : "14:00",
    "kickoffAt" : "2025-11-23T14:00:00",
    "status" : "TIMED"
  }, {
    "date" : "2025-11-23",
    "score" : {
      "away" : null,
      "home" : null
    },
    "matchday" : 13,
    "awayTeam" : {
      "name" : "FC Lorient",
      "id" : 525,
      "shortName" : "Lorient",
      "crest" : "https://crests.football-data.org/525.png"
    },
    "league" : "Ligue1",
    "homeTeam" : {
      "name" : "FC Nantes",
      "id" : 543,
      "shortName" : "Nantes",
      "crest" : "https://crests.football-data.org/543.png"
    },
    "id" : 542515,
    "time" : "16:15",
    "kickoffAt" : "2025-11-23T16:15:00",
    "status" : "TIMED"
  }, {
    "date" : "2025-11-23",
    "score" : {
      "away" : null,
      "home" : null
    },
    "matchday" : 13,
    "awayTeam" : {
      "name" : "Angers SCO",
      "id" : 532,
      "shortName" : "Angers SCO",
      "crest" : "https://crests.football-data.org/532.png"
    },
    "league" : "Ligue1",
    "homeTeam" : {
      "name" : "Toulouse FC",
      "id" : 511,
      "shortName" : "Toulouse",
      "crest" : "https://crests.football-data.org/511.png"
    },
    "id" : 542516,
    "time" : "16:15",
    "kickoffAt" : "2025-11-23T16:15:00",
    "status" : "TIMED"
  }, {
    "date" : "2025-11-23",
    "score" : {
      "away" : null,
      "home" : null
    },
    "matchday" : 13,
    "awayTeam" : {
      "name" : "FC Metz",
      "id" : 545,
      "shortName" : "FC Metz",
      "crest" : "https://crests.football-data.org/545.png"
    },
    "league" : "Ligue1",
    "homeTeam" : {
      "name" : "Stade Brestois 29",
      "id" : 512,
      "shortName" : "Brest",
      "crest" : "https://crests.football-data.org/512.png"
    },
    "id" : 542521,
    "time" : "16:15",
    "kickoffAt" : "2025-11-23T16:15:00",
    "status" : "TIMED"
  }, {
    "date" : "2025-11-23",
    "score" : {
      "away" : null,
      "home" : null
    },
    "matchday" : 13,
    "awayTeam" : {
      "name" : "Paris FC",
      "id" : 1045,
      "shortName" : "Paris FC",
      "crest" : "https://crests.football-data.org/1045.png"
    },
    "league" : "Ligue1",
    "homeTeam" : {
      "name" : "Lille OSC",
      "id" : 521,
      "shortName" : "Lille",
      "crest" : "https://crests.football-data.org/521.png"
    },
    "id" : 542518,
    "time" : "19:45",
    "kickoffAt" : "2025-11-23T19:45:00",
    "status" : "TIMED"
  } ],
  "timestamp" : "2025-11-13T16:10:02.832435100"
}