{
  "duration" : 60,
  "data" : [ {
    "teamName" : "Bologna FC 1909",
    "teamCrest" : "https://crests.football-data.org/103.png",
    "nationality" : "Italy",
    "penalties" : 2,
    "assists" : 0,
    "teamId" : 103,
    "name" : "Riccardo Orsolini",
    "id" : 1886,
    "position" : null,
    "goals" : 5
  }, {
    "teamName" : "FC Internazionale Milano",
    "teamCrest" : "https://crests.football-data.org/108.png",
    "nationality" : "Turkey",
    "penalties" : 2,
    "assists" : 1,
    "teamId" : 108,
    "name" : "Hakan Çalhanoğlu",
    "id" : 1754,
    "position" : null,
    "goals" : 5
  }, {
    "teamName" : "SSC Napoli",
    "teamCrest" : "https://crests.football-data.org/113.png",
    "nationality" : "Belgium",
    "penalties" : 3,
    "assists" : 0,
    "teamId" : 113,
    "name" : "Kevin De Bruyne",
    "id" : 3654,
    "position" : null,
    "goals" : 4
  }, {
    "teamName" : "US Cremonese",
    "teamCrest" : "https://crests.football-data.org/457.png",
    "nationality" : "Italy",
    "penalties" : 0,
    "assists" : 0,
    "teamId" : 457,
    "name" : "Federico Bonazzoli",
    "id" : 2373,
    "position" : null,
    "goals" : 4
  }, {
    "teamName" : "Como 1907",
    "teamCrest" : "https://crests.football-data.org/7397.png",
    "nationality" : "Argentina",
    "penalties" : 0,
    "assists" : 4,
    "teamId" : 7397,
    "name" : "Nico Paz",
    "id" : 203511,
    "position" : null,
    "goals" : 4
  }, {
    "teamName" : "FC Internazionale Milano",
    "teamCrest" : "https://crests.football-data.org/108.png",
    "nationality" : "Argentina",
    "penalties" : 0,
    "assists" : 2,
    "teamId" : 108,
    "name" : "Lautaro Martínez",
    "id" : 3220,
    "position" : null,
    "goals" : 4
  }, {
    "teamName" : "FC Internazionale Milano",
    "teamCrest" : "https://crests.football-data.org/108.png",
    "nationality" : "France",
    "penalties" : 0,
    "assists" : 3,
    "teamId" : 108,
    "name" : "Ange-Yoan Bonny",
    "id" : 152738,
    "position" : null,
    "goals" : 4
  }, {
    "teamName" : "US Sassuolo Calcio",
    "teamCrest" : "https://crests.football-data.org/471.png",
    "nationality" : "Italy",
    "penalties" : 0,
    "assists" : 0,
    "teamId" : 471,
    "name" : "Andrea Pinamonti",
    "id" : 2016,
    "position" : null,
    "goals" : 4
  }, {
    "teamName" : "US Sassuolo Calcio",
    "teamCrest" : "https://crests.football-data.org/471.png",
    "nationality" : "Italy",
    "penalties" : 2,
    "assists" : 3,
    "teamId" : 471,
    "name" : "Domenico Berardi",
    "id" : 2202,
    "position" : null,
    "goals" : 4
  }, {
    "teamName" : "AC Milan",
    "teamCrest" : "https://crests.football-data.org/98.png",
    "nationality" : "USA",
    "penalties" : 0,
    "assists" : 2,
    "teamId" : 98,
    "name" : "Christian Pulisic",
    "id" : 145,
    "position" : null,
    "goals" : 4
  } ],
  "timestamp" : "2025-11-13T00:26:27.647977400"
}