{
  "duration" : 15,
  "data" : {
    "league" : "Bundesliga",
    "source" : "api",
    "standings" : [ {
      "teamName" : "FC Bayern München",
      "teamCrest" : "https://crests.football-data.org/5.png",
      "goalsFor" : 35,
      "lost" : 0,
      "won" : 9,
      "playedGames" : 10,
      "position" : 1,
      "draw" : 1,
      "goalsAgainst" : 6,
      "goalDifference" : 29,
      "points" : 28
    }, {
      "teamName" : "RB Leipzig",
      "teamCrest" : "https://crests.football-data.org/721.png",
      "goalsFor" : 20,
      "lost" : 2,
      "won" : 7,
      "playedGames" : 10,
      "position" : 2,
      "draw" : 1,
      "goalsAgainst" : 13,
      "goalDifference" : 7,
      "points" : 22
    }, {
      "teamName" : "Borussia Dortmund",
      "teamCrest" : "https://crests.football-data.org/4.png",
      "goalsFor" : 16,
      "lost" : 1,
      "won" : 6,
      "playedGames" : 10,
      "position" : 3,
      "draw" : 3,
      "goalsAgainst" : 7,
      "goalDifference" : 9,
      "points" : 21
    }, {
      "teamName" : "VfB Stuttgart",
      "teamCrest" : "https://crests.football-data.org/10.png",
      "goalsFor" : 17,
      "lost" : 3,
      "won" : 7,
      "playedGames" : 10,
      "position" : 4,
      "draw" : 0,
      "goalsAgainst" : 12,
      "goalDifference" : 5,
      "points" : 21
    }, {
      "teamName" : "Bayer 04 Leverkusen",
      "teamCrest" : "https://crests.football-data.org/3.png",
      "goalsFor" : 24,
      "lost" : 2,
      "won" : 6,
      "playedGames" : 10,
      "position" : 5,
      "draw" : 2,
      "goalsAgainst" : 14,
      "goalDifference" : 10,
      "points" : 20
    }, {
      "teamName" : "TSG 1899 Hoffenheim",
      "teamCrest" : "https://crests.football-data.org/2.png",
      "goalsFor" : 21,
      "lost" : 3,
      "won" : 6,
      "playedGames" : 10,
      "position" : 6,
      "draw" : 1,
      "goalsAgainst" : 16,
      "goalDifference" : 5,
      "points" : 19
    }, {
      "teamName" : "Eintracht Frankfurt",
      "teamCrest" : "https://crests.football-data.org/19.png",
      "goalsFor" : 23,
      "lost" : 3,
      "won" : 5,
      "playedGames" : 10,
      "position" : 7,
      "draw" : 2,
      "goalsAgainst" : 19,
      "goalDifference" : 4,
      "points" : 17
    }, {
      "teamName" : "SV Werder Bremen",
      "teamCrest" : "https://crests.football-data.org/12.png",
      "goalsFor" : 15,
      "lost" : 3,
      "won" : 4,
      "playedGames" : 10,
      "position" : 8,
      "draw" : 3,
      "goalsAgainst" : 18,
      "goalDifference" : -3,
      "points" : 15
    }, {
      "teamName" : "1. FC Köln",
      "teamCrest" : "https://crests.football-data.org/1.png",
      "goalsFor" : 17,
      "lost" : 4,
      "won" : 4,
      "playedGames" : 10,
      "position" : 9,
      "draw" : 2,
      "goalsAgainst" : 15,
      "goalDifference" : 2,
      "points" : 14
    }, {
      "teamName" : "SC Freiburg",
      "teamCrest" : "https://crests.football-data.org/17.png",
      "goalsFor" : 13,
      "lost" : 3,
      "won" : 3,
      "playedGames" : 10,
      "position" : 10,
      "draw" : 4,
      "goalsAgainst" : 14,
      "goalDifference" : -1,
      "points" : 13
    }, {
      "teamName" : "1. FC Union Berlin",
      "teamCrest" : "https://crests.football-data.org/28.png",
      "goalsFor" : 13,
      "lost" : 4,
      "won" : 3,
      "playedGames" : 10,
      "position" : 11,
      "draw" : 3,
      "goalsAgainst" : 17,
      "goalDifference" : -4,
      "points" : 12
    }, {
      "teamName" : "Borussia Mönchengladbach",
      "teamCrest" : "https://crests.football-data.org/18.png",
      "goalsFor" : 13,
      "lost" : 5,
      "won" : 2,
      "playedGames" : 10,
      "position" : 12,
      "draw" : 3,
      "goalsAgainst" : 19,
      "goalDifference" : -6,
      "points" : 9
    }, {
      "teamName" : "Hamburger SV",
      "teamCrest" : "https://crests.football-data.org/7.png",
      "goalsFor" : 9,
      "lost" : 5,
      "won" : 2,
      "playedGames" : 10,
      "position" : 13,
      "draw" : 3,
      "goalsAgainst" : 16,
      "goalDifference" : -7,
      "points" : 9
    }, {
      "teamName" : "VfL Wolfsburg",
      "teamCrest" : "https://crests.football-data.org/11.png",
      "goalsFor" : 12,
      "lost" : 6,
      "won" : 2,
      "playedGames" : 10,
      "position" : 14,
      "draw" : 2,
      "goalsAgainst" : 18,
      "goalDifference" : -6,
      "points" : 8
    }, {
      "teamName" : "FC Augsburg",
      "teamCrest" : "https://crests.football-data.org/16.png",
      "goalsFor" : 14,
      "lost" : 7,
      "won" : 2,
      "playedGames" : 10,
      "position" : 15,
      "draw" : 1,
      "goalsAgainst" : 24,
      "goalDifference" : -10,
      "points" : 7
    }, {
      "teamName" : "FC St. Pauli 1910",
      "teamCrest" : "https://crests.football-data.org/20.png",
      "goalsFor" : 9,
      "lost" : 7,
      "won" : 2,
      "playedGames" : 10,
      "position" : 16,
      "draw" : 1,
      "goalsAgainst" : 20,
      "goalDifference" : -11,
      "points" : 7
    }, {
      "teamName" : "1. FSV Mainz 05",
      "teamCrest" : "https://crests.football-data.org/15.png",
      "goalsFor" : 10,
      "lost" : 7,
      "won" : 1,
      "playedGames" : 10,
      "position" : 17,
      "draw" : 2,
      "goalsAgainst" : 18,
      "goalDifference" : -8,
      "points" : 5
    }, {
      "teamName" : "1. FC Heidenheim 1846",
      "teamCrest" : "https://crests.football-data.org/44.png",
      "goalsFor" : 8,
      "lost" : 7,
      "won" : 1,
      "playedGames" : 10,
      "position" : 18,
      "draw" : 2,
      "goalsAgainst" : 23,
      "goalDifference" : -15,
      "points" : 5
    } ]
  },
  "timestamp" : "2025-11-13T00:15:54.394053"
}