{
  "duration" : 15,
  "data" : {
    "league" : "EPL",
    "source" : "api",
    "standings" : [ {
      "teamName" : "Arsenal FC",
      "teamCrest" : "https://crests.football-data.org/57.png",
      "goalsFor" : 20,
      "lost" : 1,
      "won" : 8,
      "playedGames" : 11,
      "position" : 1,
      "draw" : 2,
      "goalsAgainst" : 5,
      "goalDifference" : 15,
      "points" : 26
    }, {
      "teamName" : "Manchester City FC",
      "teamCrest" : "https://crests.football-data.org/65.png",
      "goalsFor" : 23,
      "lost" : 3,
      "won" : 7,
      "playedGames" : 11,
      "position" : 2,
      "draw" : 1,
      "goalsAgainst" : 8,
      "goalDifference" : 15,
      "points" : 22
    }, {
      "teamName" : "Chelsea FC",
      "teamCrest" : "https://crests.football-data.org/61.png",
      "goalsFor" : 21,
      "lost" : 3,
      "won" : 6,
      "playedGames" : 11,
      "position" : 3,
      "draw" : 2,
      "goalsAgainst" : 11,
      "goalDifference" : 10,
      "points" : 20
    }, {
      "teamName" : "Sunderland AFC",
      "teamCrest" : "https://crests.football-data.org/71.png",
      "goalsFor" : 14,
      "lost" : 2,
      "won" : 5,
      "playedGames" : 11,
      "position" : 4,
      "draw" : 4,
      "goalsAgainst" : 10,
      "goalDifference" : 4,
      "points" : 19
    }, {
      "teamName" : "Tottenham Hotspur FC",
      "teamCrest" : "https://crests.football-data.org/73.png",
      "goalsFor" : 19,
      "lost" : 3,
      "won" : 5,
      "playedGames" : 11,
      "position" : 5,
      "draw" : 3,
      "goalsAgainst" : 10,
      "goalDifference" : 9,
      "points" : 18
    }, {
      "teamName" : "Aston Villa FC",
      "teamCrest" : "https://crests.football-data.org/58.png",
      "goalsFor" : 13,
      "lost" : 3,
      "won" : 5,
      "playedGames" : 11,
      "position" : 6,
      "draw" : 3,
      "goalsAgainst" : 10,
      "goalDifference" : 3,
      "points" : 18
    }, {
      "teamName" : "Manchester United FC",
      "teamCrest" : "https://crests.football-data.org/66.png",
      "goalsFor" : 19,
      "lost" : 3,
      "won" : 5,
      "playedGames" : 11,
      "position" : 7,
      "draw" : 3,
      "goalsAgainst" : 18,
      "goalDifference" : 1,
      "points" : 18
    }, {
      "teamName" : "Liverpool FC",
      "teamCrest" : "https://crests.football-data.org/64.png",
      "goalsFor" : 18,
      "lost" : 5,
      "won" : 6,
      "playedGames" : 11,
      "position" : 8,
      "draw" : 0,
      "goalsAgainst" : 17,
      "goalDifference" : 1,
      "points" : 18
    }, {
      "teamName" : "AFC Bournemouth",
      "teamCrest" : "https://crests.football-data.org/bournemouth.png",
      "goalsFor" : 17,
      "lost" : 3,
      "won" : 5,
      "playedGames" : 11,
      "position" : 9,
      "draw" : 3,
      "goalsAgainst" : 18,
      "goalDifference" : -1,
      "points" : 18
    }, {
      "teamName" : "Crystal Palace FC",
      "teamCrest" : "https://crests.football-data.org/354.png",
      "goalsFor" : 14,
      "lost" : 2,
      "won" : 4,
      "playedGames" : 11,
      "position" : 10,
      "draw" : 5,
      "goalsAgainst" : 9,
      "goalDifference" : 5,
      "points" : 17
    }, {
      "teamName" : "Brighton & Hove Albion FC",
      "teamCrest" : "https://crests.football-data.org/397.png",
      "goalsFor" : 17,
      "lost" : 3,
      "won" : 4,
      "playedGames" : 11,
      "position" : 11,
      "draw" : 4,
      "goalsAgainst" : 15,
      "goalDifference" : 2,
      "points" : 16
    }, {
      "teamName" : "Brentford FC",
      "teamCrest" : "https://crests.football-data.org/402.png",
      "goalsFor" : 17,
      "lost" : 5,
      "won" : 5,
      "playedGames" : 11,
      "position" : 12,
      "draw" : 1,
      "goalsAgainst" : 17,
      "goalDifference" : 0,
      "points" : 16
    }, {
      "teamName" : "Everton FC",
      "teamCrest" : "https://crests.football-data.org/62.png",
      "goalsFor" : 12,
      "lost" : 4,
      "won" : 4,
      "playedGames" : 11,
      "position" : 13,
      "draw" : 3,
      "goalsAgainst" : 13,
      "goalDifference" : -1,
      "points" : 15
    }, {
      "teamName" : "Newcastle United FC",
      "teamCrest" : "https://crests.football-data.org/67.png",
      "goalsFor" : 11,
      "lost" : 5,
      "won" : 3,
      "playedGames" : 11,
      "position" : 14,
      "draw" : 3,
      "goalsAgainst" : 14,
      "goalDifference" : -3,
      "points" : 12
    }, {
      "teamName" : "Fulham FC",
      "teamCrest" : "https://crests.football-data.org/63.png",
      "goalsFor" : 12,
      "lost" : 6,
      "won" : 3,
      "playedGames" : 11,
      "position" : 15,
      "draw" : 2,
      "goalsAgainst" : 16,
      "goalDifference" : -4,
      "points" : 11
    }, {
      "teamName" : "Leeds United FC",
      "teamCrest" : "https://crests.football-data.org/341.png",
      "goalsFor" : 10,
      "lost" : 6,
      "won" : 3,
      "playedGames" : 11,
      "position" : 16,
      "draw" : 2,
      "goalsAgainst" : 20,
      "goalDifference" : -10,
      "points" : 11
    }, {
      "teamName" : "Burnley FC",
      "teamCrest" : "https://crests.football-data.org/328.png",
      "goalsFor" : 14,
      "lost" : 7,
      "won" : 3,
      "playedGames" : 11,
      "position" : 17,
      "draw" : 1,
      "goalsAgainst" : 22,
      "goalDifference" : -8,
      "points" : 10
    }, {
      "teamName" : "West Ham United FC",
      "teamCrest" : "https://crests.football-data.org/563.png",
      "goalsFor" : 13,
      "lost" : 7,
      "won" : 3,
      "playedGames" : 11,
      "position" : 18,
      "draw" : 1,
      "goalsAgainst" : 23,
      "goalDifference" : -10,
      "points" : 10
    }, {
      "teamName" : "Nottingham Forest FC",
      "teamCrest" : "https://crests.football-data.org/351.png",
      "goalsFor" : 10,
      "lost" : 6,
      "won" : 2,
      "playedGames" : 11,
      "position" : 19,
      "draw" : 3,
      "goalsAgainst" : 20,
      "goalDifference" : -10,
      "points" : 9
    }, {
      "teamName" : "Wolverhampton Wanderers FC",
      "teamCrest" : "https://crests.football-data.org/76.png",
      "goalsFor" : 7,
      "lost" : 9,
      "won" : 0,
      "playedGames" : 11,
      "position" : 20,
      "draw" : 2,
      "goalsAgainst" : 25,
      "goalDifference" : -18,
      "points" : 2
    } ]
  },
  "timestamp" : "2025-11-13T16:35:45.618600400"
}