{
  "duration" : 15,
  "data" : {
    "league" : "LaLiga",
    "source" : "api",
    "standings" : [ {
      "teamName" : "Real Madrid CF",
      "teamCrest" : "https://crests.football-data.org/86.png",
      "goalsFor" : 26,
      "lost" : 1,
      "won" : 10,
      "playedGames" : 12,
      "position" : 1,
      "draw" : 1,
      "goalsAgainst" : 10,
      "goalDifference" : 16,
      "points" : 31
    }, {
      "teamName" : "FC Barcelona",
      "teamCrest" : "https://crests.football-data.org/81.png",
      "goalsFor" : 32,
      "lost" : 2,
      "won" : 9,
      "playedGames" : 12,
      "position" : 2,
      "draw" : 1,
      "goalsAgainst" : 15,
      "goalDifference" : 17,
      "points" : 28
    }, {
      "teamName" : "Villarreal CF",
      "teamCrest" : "https://crests.football-data.org/94.png",
      "goalsFor" : 24,
      "lost" : 2,
      "won" : 8,
      "playedGames" : 12,
      "position" : 3,
      "draw" : 2,
      "goalsAgainst" : 10,
      "goalDifference" : 14,
      "points" : 26
    }, {
      "teamName" : "Club Atlético de Madrid",
      "teamCrest" : "https://crests.football-data.org/78.png",
      "goalsFor" : 24,
      "lost" : 1,
      "won" : 7,
      "playedGames" : 12,
      "position" : 4,
      "draw" : 4,
      "goalsAgainst" : 11,
      "goalDifference" : 13,
      "points" : 25
    }, {
      "teamName" : "Real Betis Balompié",
      "teamCrest" : "https://crests.football-data.org/90.png",
      "goalsFor" : 19,
      "lost" : 2,
      "won" : 5,
      "playedGames" : 12,
      "position" : 5,
      "draw" : 5,
      "goalsAgainst" : 13,
      "goalDifference" : 6,
      "points" : 20
    }, {
      "teamName" : "RCD Espanyol de Barcelona",
      "teamCrest" : "https://crests.football-data.org/80.png",
      "goalsFor" : 15,
      "lost" : 4,
      "won" : 5,
      "playedGames" : 12,
      "position" : 6,
      "draw" : 3,
      "goalsAgainst" : 15,
      "goalDifference" : 0,
      "points" : 18
    }, {
      "teamName" : "Athletic Club",
      "teamCrest" : "https://crests.football-data.org/77.png",
      "goalsFor" : 12,
      "lost" : 5,
      "won" : 5,
      "playedGames" : 12,
      "position" : 7,
      "draw" : 2,
      "goalsAgainst" : 13,
      "goalDifference" : -1,
      "points" : 17
    }, {
      "teamName" : "Getafe CF",
      "teamCrest" : "https://crests.football-data.org/82.png",
      "goalsFor" : 12,
      "lost" : 5,
      "won" : 5,
      "playedGames" : 12,
      "position" : 8,
      "draw" : 2,
      "goalsAgainst" : 14,
      "goalDifference" : -2,
      "points" : 17
    }, {
      "teamName" : "Sevilla FC",
      "teamCrest" : "https://crests.football-data.org/559.png",
      "goalsFor" : 18,
      "lost" : 6,
      "won" : 5,
      "playedGames" : 12,
      "position" : 9,
      "draw" : 1,
      "goalsAgainst" : 19,
      "goalDifference" : -1,
      "points" : 16
    }, {
      "teamName" : "Deportivo Alavés",
      "teamCrest" : "https://crests.football-data.org/263.png",
      "goalsFor" : 11,
      "lost" : 5,
      "won" : 4,
      "playedGames" : 12,
      "position" : 10,
      "draw" : 3,
      "goalsAgainst" : 11,
      "goalDifference" : 0,
      "points" : 15
    }, {
      "teamName" : "Elche CF",
      "teamCrest" : "https://crests.football-data.org/285.png",
      "goalsFor" : 13,
      "lost" : 3,
      "won" : 3,
      "playedGames" : 12,
      "position" : 11,
      "draw" : 6,
      "goalsAgainst" : 14,
      "goalDifference" : -1,
      "points" : 15
    }, {
      "teamName" : "Rayo Vallecano de Madrid",
      "teamCrest" : "https://crests.football-data.org/87.png",
      "goalsFor" : 12,
      "lost" : 5,
      "won" : 4,
      "playedGames" : 12,
      "position" : 12,
      "draw" : 3,
      "goalsAgainst" : 14,
      "goalDifference" : -2,
      "points" : 15
    }, {
      "teamName" : "RC Celta de Vigo",
      "teamCrest" : "https://crests.football-data.org/558.png",
      "goalsFor" : 15,
      "lost" : 3,
      "won" : 2,
      "playedGames" : 12,
      "position" : 13,
      "draw" : 7,
      "goalsAgainst" : 18,
      "goalDifference" : -3,
      "points" : 13
    }, {
      "teamName" : "Real Sociedad de Fútbol",
      "teamCrest" : "https://crests.football-data.org/92.png",
      "goalsFor" : 14,
      "lost" : 5,
      "won" : 3,
      "playedGames" : 12,
      "position" : 14,
      "draw" : 4,
      "goalsAgainst" : 17,
      "goalDifference" : -3,
      "points" : 13
    }, {
      "teamName" : "RCD Mallorca",
      "teamCrest" : "https://crests.football-data.org/89.png",
      "goalsFor" : 12,
      "lost" : 6,
      "won" : 3,
      "playedGames" : 12,
      "position" : 15,
      "draw" : 3,
      "goalsAgainst" : 18,
      "goalDifference" : -6,
      "points" : 12
    }, {
      "teamName" : "CA Osasuna",
      "teamCrest" : "https://crests.football-data.org/79.png",
      "goalsFor" : 9,
      "lost" : 7,
      "won" : 3,
      "playedGames" : 12,
      "position" : 16,
      "draw" : 2,
      "goalsAgainst" : 13,
      "goalDifference" : -4,
      "points" : 11
    }, {
      "teamName" : "Valencia CF",
      "teamCrest" : "https://crests.football-data.org/95.png",
      "goalsFor" : 11,
      "lost" : 6,
      "won" : 2,
      "playedGames" : 12,
      "position" : 17,
      "draw" : 4,
      "goalsAgainst" : 21,
      "goalDifference" : -10,
      "points" : 10
    }, {
      "teamName" : "Girona FC",
      "teamCrest" : "https://crests.football-data.org/298.png",
      "goalsFor" : 11,
      "lost" : 6,
      "won" : 2,
      "playedGames" : 12,
      "position" : 18,
      "draw" : 4,
      "goalsAgainst" : 24,
      "goalDifference" : -13,
      "points" : 10
    }, {
      "teamName" : "Levante UD",
      "teamCrest" : "https://crests.football-data.org/88.png",
      "goalsFor" : 16,
      "lost" : 7,
      "won" : 2,
      "playedGames" : 12,
      "position" : 19,
      "draw" : 3,
      "goalsAgainst" : 23,
      "goalDifference" : -7,
      "points" : 9
    }, {
      "teamName" : "Real Oviedo",
      "teamCrest" : "https://crests.football-data.org/1048.png",
      "goalsFor" : 7,
      "lost" : 8,
      "won" : 2,
      "playedGames" : 12,
      "position" : 20,
      "draw" : 2,
      "goalsAgainst" : 20,
      "goalDifference" : -13,
      "points" : 8
    } ]
  },
  "timestamp" : "2025-11-13T16:33:04.257033400"
}