{
  "duration" : 15,
  "data" : {
    "league" : "Ligue1",
    "source" : "api",
    "standings" : [ {
      "teamName" : "Paris Saint-Germain FC",
      "teamCrest" : "https://crests.football-data.org/524.png",
      "goalsFor" : 24,
      "lost" : 1,
      "won" : 8,
      "playedGames" : 12,
      "position" : 1,
      "draw" : 3,
      "goalsAgainst" : 11,
      "goalDifference" : 13,
      "points" : 27
    }, {
      "teamName" : "Olympique de Marseille",
      "teamCrest" : "https://crests.football-data.org/516.png",
      "goalsFor" : 28,
      "lost" : 3,
      "won" : 8,
      "playedGames" : 12,
      "position" : 2,
      "draw" : 1,
      "goalsAgainst" : 11,
      "goalDifference" : 17,
      "points" : 25
    }, {
      "teamName" : "Racing Club de Lens",
      "teamCrest" : "https://crests.football-data.org/546.png",
      "goalsFor" : 21,
      "lost" : 3,
      "won" : 8,
      "playedGames" : 12,
      "position" : 3,
      "draw" : 1,
      "goalsAgainst" : 11,
      "goalDifference" : 10,
      "points" : 25
    }, {
      "teamName" : "RC Strasbourg Alsace",
      "teamCrest" : "https://crests.football-data.org/576.png",
      "goalsFor" : 24,
      "lost" : 4,
      "won" : 7,
      "playedGames" : 12,
      "position" : 4,
      "draw" : 1,
      "goalsAgainst" : 16,
      "goalDifference" : 8,
      "points" : 22
    }, {
      "teamName" : "Lille OSC",
      "teamCrest" : "https://crests.football-data.org/521.png",
      "goalsFor" : 23,
      "lost" : 4,
      "won" : 6,
      "playedGames" : 12,
      "position" : 5,
      "draw" : 2,
      "goalsAgainst" : 15,
      "goalDifference" : 8,
      "points" : 20
    }, {
      "teamName" : "AS Monaco FC",
      "teamCrest" : "https://crests.football-data.org/548.png",
      "goalsFor" : 24,
      "lost" : 4,
      "won" : 6,
      "playedGames" : 12,
      "position" : 6,
      "draw" : 2,
      "goalsAgainst" : 21,
      "goalDifference" : 3,
      "points" : 20
    }, {
      "teamName" : "Olympique Lyonnais",
      "teamCrest" : "https://crests.football-data.org/523.png",
      "goalsFor" : 18,
      "lost" : 4,
      "won" : 6,
      "playedGames" : 12,
      "position" : 7,
      "draw" : 2,
      "goalsAgainst" : 15,
      "goalDifference" : 3,
      "points" : 20
    }, {
      "teamName" : "Stade Rennais FC 1901",
      "teamCrest" : "https://crests.football-data.org/529.png",
      "goalsFor" : 19,
      "lost" : 2,
      "won" : 4,
      "playedGames" : 12,
      "position" : 8,
      "draw" : 6,
      "goalsAgainst" : 17,
      "goalDifference" : 2,
      "points" : 18
    }, {
      "teamName" : "OGC Nice",
      "teamCrest" : "https://crests.football-data.org/522.png",
      "goalsFor" : 17,
      "lost" : 5,
      "won" : 5,
      "playedGames" : 12,
      "position" : 9,
      "draw" : 2,
      "goalsAgainst" : 18,
      "goalDifference" : -1,
      "points" : 17
    }, {
      "teamName" : "Toulouse FC",
      "teamCrest" : "https://crests.football-data.org/511.png",
      "goalsFor" : 18,
      "lost" : 4,
      "won" : 4,
      "playedGames" : 12,
      "position" : 10,
      "draw" : 4,
      "goalsAgainst" : 16,
      "goalDifference" : 2,
      "points" : 16
    }, {
      "teamName" : "Paris FC",
      "teamCrest" : "https://crests.football-data.org/1045.png",
      "goalsFor" : 18,
      "lost" : 6,
      "won" : 4,
      "playedGames" : 12,
      "position" : 11,
      "draw" : 2,
      "goalsAgainst" : 21,
      "goalDifference" : -3,
      "points" : 14
    }, {
      "teamName" : "Le Havre AC",
      "teamCrest" : "https://crests.football-data.org/533.png",
      "goalsFor" : 13,
      "lost" : 4,
      "won" : 3,
      "playedGames" : 12,
      "position" : 12,
      "draw" : 5,
      "goalsAgainst" : 17,
      "goalDifference" : -4,
      "points" : 14
    }, {
      "teamName" : "Angers SCO",
      "teamCrest" : "https://crests.football-data.org/532.png",
      "goalsFor" : 10,
      "lost" : 5,
      "won" : 3,
      "playedGames" : 12,
      "position" : 13,
      "draw" : 4,
      "goalsAgainst" : 15,
      "goalDifference" : -5,
      "points" : 13
    }, {
      "teamName" : "FC Metz",
      "teamCrest" : "https://crests.football-data.org/545.png",
      "goalsFor" : 12,
      "lost" : 7,
      "won" : 3,
      "playedGames" : 12,
      "position" : 14,
      "draw" : 2,
      "goalsAgainst" : 27,
      "goalDifference" : -15,
      "points" : 11
    }, {
      "teamName" : "Stade Brestois 29",
      "teamCrest" : "https://crests.football-data.org/512.png",
      "goalsFor" : 14,
      "lost" : 6,
      "won" : 2,
      "playedGames" : 12,
      "position" : 15,
      "draw" : 4,
      "goalsAgainst" : 21,
      "goalDifference" : -7,
      "points" : 10
    }, {
      "teamName" : "FC Nantes",
      "teamCrest" : "https://crests.football-data.org/543.png",
      "goalsFor" : 11,
      "lost" : 6,
      "won" : 2,
      "playedGames" : 12,
      "position" : 16,
      "draw" : 4,
      "goalsAgainst" : 18,
      "goalDifference" : -7,
      "points" : 10
    }, {
      "teamName" : "FC Lorient",
      "teamCrest" : "https://crests.football-data.org/525.png",
      "goalsFor" : 14,
      "lost" : 6,
      "won" : 2,
      "playedGames" : 12,
      "position" : 17,
      "draw" : 4,
      "goalsAgainst" : 26,
      "goalDifference" : -12,
      "points" : 10
    }, {
      "teamName" : "AJ Auxerre",
      "teamCrest" : "https://crests.football-data.org/519.png",
      "goalsFor" : 7,
      "lost" : 9,
      "won" : 2,
      "playedGames" : 12,
      "position" : 18,
      "draw" : 1,
      "goalsAgainst" : 19,
      "goalDifference" : -12,
      "points" : 7
    } ]
  },
  "timestamp" : "2025-11-12T23:24:00.068681900"
}