{
  "duration" : 15,
  "data" : {
    "league" : "SerieA",
    "source" : "api",
    "standings" : [ {
      "teamName" : "FC Internazionale Milano",
      "teamCrest" : "https://crests.football-data.org/108.png",
      "goalsFor" : 26,
      "lost" : 3,
      "won" : 8,
      "playedGames" : 11,
      "position" : 1,
      "draw" : 0,
      "goalsAgainst" : 12,
      "goalDifference" : 14,
      "points" : 24
    }, {
      "teamName" : "AS Roma",
      "teamCrest" : "https://crests.football-data.org/100.png",
      "goalsFor" : 12,
      "lost" : 3,
      "won" : 8,
      "playedGames" : 11,
      "position" : 2,
      "draw" : 0,
      "goalsAgainst" : 5,
      "goalDifference" : 7,
      "points" : 24
    }, {
      "teamName" : "AC Milan",
      "teamCrest" : "https://crests.football-data.org/98.png",
      "goalsFor" : 17,
      "lost" : 1,
      "won" : 6,
      "playedGames" : 11,
      "position" : 3,
      "draw" : 4,
      "goalsAgainst" : 9,
      "goalDifference" : 8,
      "points" : 22
    }, {
      "teamName" : "SSC Napoli",
      "teamCrest" : "https://crests.football-data.org/113.png",
      "goalsFor" : 16,
      "lost" : 3,
      "won" : 7,
      "playedGames" : 11,
      "position" : 4,
      "draw" : 1,
      "goalsAgainst" : 10,
      "goalDifference" : 6,
      "points" : 22
    }, {
      "teamName" : "Bologna FC 1909",
      "teamCrest" : "https://crests.football-data.org/103.png",
      "goalsFor" : 18,
      "lost" : 2,
      "won" : 6,
      "playedGames" : 11,
      "position" : 5,
      "draw" : 3,
      "goalsAgainst" : 8,
      "goalDifference" : 10,
      "points" : 21
    }, {
      "teamName" : "Juventus FC",
      "teamCrest" : "https://crests.football-data.org/109.png",
      "goalsFor" : 14,
      "lost" : 2,
      "won" : 5,
      "playedGames" : 11,
      "position" : 6,
      "draw" : 4,
      "goalsAgainst" : 10,
      "goalDifference" : 4,
      "points" : 19
    }, {
      "teamName" : "Como 1907",
      "teamCrest" : "https://crests.football-data.org/7397.png",
      "goalsFor" : 12,
      "lost" : 1,
      "won" : 4,
      "playedGames" : 11,
      "position" : 7,
      "draw" : 6,
      "goalsAgainst" : 6,
      "goalDifference" : 6,
      "points" : 18
    }, {
      "teamName" : "US Sassuolo Calcio",
      "teamCrest" : "https://crests.football-data.org/471.png",
      "goalsFor" : 14,
      "lost" : 5,
      "won" : 5,
      "playedGames" : 11,
      "position" : 8,
      "draw" : 1,
      "goalsAgainst" : 12,
      "goalDifference" : 2,
      "points" : 16
    }, {
      "teamName" : "SS Lazio",
      "teamCrest" : "https://crests.football-data.org/110.png",
      "goalsFor" : 13,
      "lost" : 4,
      "won" : 4,
      "playedGames" : 11,
      "position" : 9,
      "draw" : 3,
      "goalsAgainst" : 9,
      "goalDifference" : 4,
      "points" : 15
    }, {
      "teamName" : "Udinese Calcio",
      "teamCrest" : "https://crests.football-data.org/115.png",
      "goalsFor" : 12,
      "lost" : 4,
      "won" : 4,
      "playedGames" : 11,
      "position" : 10,
      "draw" : 3,
      "goalsAgainst" : 17,
      "goalDifference" : -5,
      "points" : 15
    }, {
      "teamName" : "US Cremonese",
      "teamCrest" : "https://crests.football-data.org/457.png",
      "goalsFor" : 12,
      "lost" : 3,
      "won" : 3,
      "playedGames" : 11,
      "position" : 11,
      "draw" : 5,
      "goalsAgainst" : 13,
      "goalDifference" : -1,
      "points" : 14
    }, {
      "teamName" : "Torino FC",
      "teamCrest" : "https://crests.football-data.org/586.png",
      "goalsFor" : 10,
      "lost" : 3,
      "won" : 3,
      "playedGames" : 11,
      "position" : 12,
      "draw" : 5,
      "goalsAgainst" : 16,
      "goalDifference" : -6,
      "points" : 14
    }, {
      "teamName" : "Atalanta BC",
      "teamCrest" : "https://crests.football-data.org/102.png",
      "goalsFor" : 13,
      "lost" : 2,
      "won" : 2,
      "playedGames" : 11,
      "position" : 13,
      "draw" : 7,
      "goalsAgainst" : 11,
      "goalDifference" : 2,
      "points" : 13
    }, {
      "teamName" : "Cagliari Calcio",
      "teamCrest" : "https://crests.football-data.org/104.png",
      "goalsFor" : 9,
      "lost" : 5,
      "won" : 2,
      "playedGames" : 11,
      "position" : 14,
      "draw" : 4,
      "goalsAgainst" : 14,
      "goalDifference" : -5,
      "points" : 10
    }, {
      "teamName" : "US Lecce",
      "teamCrest" : "https://crests.football-data.org/5890.png",
      "goalsFor" : 8,
      "lost" : 5,
      "won" : 2,
      "playedGames" : 11,
      "position" : 15,
      "draw" : 4,
      "goalsAgainst" : 14,
      "goalDifference" : -6,
      "points" : 10
    }, {
      "teamName" : "AC Pisa 1909",
      "teamCrest" : "https://crests.football-data.org/487.png",
      "goalsFor" : 8,
      "lost" : 4,
      "won" : 1,
      "playedGames" : 11,
      "position" : 16,
      "draw" : 6,
      "goalsAgainst" : 14,
      "goalDifference" : -6,
      "points" : 9
    }, {
      "teamName" : "Parma Calcio 1913",
      "teamCrest" : "https://crests.football-data.org/112.png",
      "goalsFor" : 7,
      "lost" : 5,
      "won" : 1,
      "playedGames" : 11,
      "position" : 17,
      "draw" : 5,
      "goalsAgainst" : 14,
      "goalDifference" : -7,
      "points" : 8
    }, {
      "teamName" : "Genoa CFC",
      "teamCrest" : "https://crests.football-data.org/107.png",
      "goalsFor" : 8,
      "lost" : 6,
      "won" : 1,
      "playedGames" : 11,
      "position" : 18,
      "draw" : 4,
      "goalsAgainst" : 16,
      "goalDifference" : -8,
      "points" : 7
    }, {
      "teamName" : "Hellas Verona FC",
      "teamCrest" : "https://crests.football-data.org/450.png",
      "goalsFor" : 6,
      "lost" : 5,
      "won" : 0,
      "playedGames" : 11,
      "position" : 19,
      "draw" : 6,
      "goalsAgainst" : 16,
      "goalDifference" : -10,
      "points" : 6
    }, {
      "teamName" : "ACF Fiorentina",
      "teamCrest" : "https://crests.football-data.org/99.png",
      "goalsFor" : 9,
      "lost" : 6,
      "won" : 0,
      "playedGames" : 11,
      "position" : 20,
      "draw" : 5,
      "goalsAgainst" : 18,
      "goalDifference" : -9,
      "points" : 5
    } ]
  },
  "timestamp" : "2025-11-13T00:17:47.716367800"
}