{
  "duration" : 15,
  "data" : {
    "league" : "UCL",
    "source" : "api",
    "standings" : [ {
      "teamName" : "FC Bayern München",
      "teamCrest" : "https://crests.football-data.org/5.png",
      "goalsFor" : 14,
      "lost" : 0,
      "won" : 4,
      "playedGames" : 4,
      "position" : 1,
      "draw" : 0,
      "goalsAgainst" : 3,
      "goalDifference" : 11,
      "points" : 12
    }, {
      "teamName" : "Arsenal FC",
      "teamCrest" : "https://crests.football-data.org/57.png",
      "goalsFor" : 11,
      "lost" : 0,
      "won" : 4,
      "playedGames" : 4,
      "position" : 2,
      "draw" : 0,
      "goalsAgainst" : 0,
      "goalDifference" : 11,
      "points" : 12
    }, {
      "teamName" : "FC Internazionale Milano",
      "teamCrest" : "https://crests.football-data.org/108.png",
      "goalsFor" : 11,
      "lost" : 0,
      "won" : 4,
      "playedGames" : 4,
      "position" : 3,
      "draw" : 0,
      "goalsAgainst" : 1,
      "goalDifference" : 10,
      "points" : 12
    }, {
      "teamName" : "Manchester City FC",
      "teamCrest" : "https://crests.football-data.org/65.png",
      "goalsFor" : 10,
      "lost" : 0,
      "won" : 3,
      "playedGames" : 4,
      "position" : 4,
      "draw" : 1,
      "goalsAgainst" : 3,
      "goalDifference" : 7,
      "points" : 10
    }, {
      "teamName" : "Paris Saint-Germain FC",
      "teamCrest" : "https://crests.football-data.org/524.png",
      "goalsFor" : 14,
      "lost" : 1,
      "won" : 3,
      "playedGames" : 4,
      "position" : 5,
      "draw" : 0,
      "goalsAgainst" : 5,
      "goalDifference" : 9,
      "points" : 9
    }, {
      "teamName" : "Newcastle United FC",
      "teamCrest" : "https://crests.football-data.org/67.png",
      "goalsFor" : 10,
      "lost" : 1,
      "won" : 3,
      "playedGames" : 4,
      "position" : 6,
      "draw" : 0,
      "goalsAgainst" : 2,
      "goalDifference" : 8,
      "points" : 9
    }, {
      "teamName" : "Real Madrid CF",
      "teamCrest" : "https://crests.football-data.org/86.png",
      "goalsFor" : 8,
      "lost" : 1,
      "won" : 3,
      "playedGames" : 4,
      "position" : 7,
      "draw" : 0,
      "goalsAgainst" : 2,
      "goalDifference" : 6,
      "points" : 9
    }, {
      "teamName" : "Liverpool FC",
      "teamCrest" : "https://crests.football-data.org/64.png",
      "goalsFor" : 9,
      "lost" : 1,
      "won" : 3,
      "playedGames" : 4,
      "position" : 8,
      "draw" : 0,
      "goalsAgainst" : 4,
      "goalDifference" : 5,
      "points" : 9
    }, {
      "teamName" : "Galatasaray SK",
      "teamCrest" : "https://crests.football-data.org/610.png",
      "goalsFor" : 8,
      "lost" : 1,
      "won" : 3,
      "playedGames" : 4,
      "position" : 9,
      "draw" : 0,
      "goalsAgainst" : 6,
      "goalDifference" : 2,
      "points" : 9
    }, {
      "teamName" : "Tottenham Hotspur FC",
      "teamCrest" : "https://crests.football-data.org/73.png",
      "goalsFor" : 7,
      "lost" : 0,
      "won" : 2,
      "playedGames" : 4,
      "position" : 10,
      "draw" : 2,
      "goalsAgainst" : 2,
      "goalDifference" : 5,
      "points" : 8
    }, {
      "teamName" : "FC Barcelona",
      "teamCrest" : "https://crests.football-data.org/81.png",
      "goalsFor" : 12,
      "lost" : 1,
      "won" : 2,
      "playedGames" : 4,
      "position" : 11,
      "draw" : 1,
      "goalsAgainst" : 7,
      "goalDifference" : 5,
      "points" : 7
    }, {
      "teamName" : "Chelsea FC",
      "teamCrest" : "https://crests.football-data.org/61.png",
      "goalsFor" : 9,
      "lost" : 1,
      "won" : 2,
      "playedGames" : 4,
      "position" : 12,
      "draw" : 1,
      "goalsAgainst" : 6,
      "goalDifference" : 3,
      "points" : 7
    }, {
      "teamName" : "Sporting Clube de Portugal",
      "teamCrest" : "https://crests.football-data.org/498.png",
      "goalsFor" : 8,
      "lost" : 1,
      "won" : 2,
      "playedGames" : 4,
      "position" : 13,
      "draw" : 1,
      "goalsAgainst" : 5,
      "goalDifference" : 3,
      "points" : 7
    }, {
      "teamName" : "Borussia Dortmund",
      "teamCrest" : "https://crests.football-data.org/4.png",
      "goalsFor" : 13,
      "lost" : 1,
      "won" : 2,
      "playedGames" : 4,
      "position" : 14,
      "draw" : 1,
      "goalsAgainst" : 11,
      "goalDifference" : 2,
      "points" : 7
    }, {
      "teamName" : "Atalanta BC",
      "teamCrest" : "https://crests.football-data.org/102.png",
      "goalsFor" : 3,
      "lost" : 1,
      "won" : 2,
      "playedGames" : 4,
      "position" : 15,
      "draw" : 1,
      "goalsAgainst" : 5,
      "goalDifference" : -2,
      "points" : 7
    }, {
      "teamName" : "Qarabağ Ağdam FK",
      "teamCrest" : "https://crests.football-data.org/611.png",
      "goalsFor" : 8,
      "lost" : 1,
      "won" : 2,
      "playedGames" : 4,
      "position" : 16,
      "draw" : 1,
      "goalsAgainst" : 7,
      "goalDifference" : 1,
      "points" : 7
    }, {
      "teamName" : "Club Atlético de Madrid",
      "teamCrest" : "https://crests.football-data.org/78.png",
      "goalsFor" : 10,
      "lost" : 2,
      "won" : 2,
      "playedGames" : 4,
      "position" : 17,
      "draw" : 0,
      "goalsAgainst" : 9,
      "goalDifference" : 1,
      "points" : 6
    }, {
      "teamName" : "PSV",
      "teamCrest" : "https://crests.football-data.org/674.png",
      "goalsFor" : 9,
      "lost" : 1,
      "won" : 1,
      "playedGames" : 4,
      "position" : 18,
      "draw" : 2,
      "goalsAgainst" : 7,
      "goalDifference" : 2,
      "points" : 5
    }, {
      "teamName" : "AS Monaco FC",
      "teamCrest" : "https://crests.football-data.org/548.png",
      "goalsFor" : 4,
      "lost" : 1,
      "won" : 1,
      "playedGames" : 4,
      "position" : 19,
      "draw" : 2,
      "goalsAgainst" : 6,
      "goalDifference" : -2,
      "points" : 5
    }, {
      "teamName" : "Paphos FC",
      "teamCrest" : "https://crests.football-data.org/11034.png",
      "goalsFor" : 2,
      "lost" : 1,
      "won" : 1,
      "playedGames" : 4,
      "position" : 20,
      "draw" : 2,
      "goalsAgainst" : 5,
      "goalDifference" : -3,
      "points" : 5
    }, {
      "teamName" : "Bayer 04 Leverkusen",
      "teamCrest" : "https://crests.football-data.org/3.png",
      "goalsFor" : 6,
      "lost" : 1,
      "won" : 1,
      "playedGames" : 4,
      "position" : 21,
      "draw" : 2,
      "goalsAgainst" : 10,
      "goalDifference" : -4,
      "points" : 5
    }, {
      "teamName" : "Club Brugge KV",
      "teamCrest" : "https://crests.football-data.org/851.png",
      "goalsFor" : 8,
      "lost" : 2,
      "won" : 1,
      "playedGames" : 4,
      "position" : 22,
      "draw" : 1,
      "goalsAgainst" : 10,
      "goalDifference" : -2,
      "points" : 4
    }, {
      "teamName" : "Eintracht Frankfurt",
      "teamCrest" : "https://crests.football-data.org/19.png",
      "goalsFor" : 7,
      "lost" : 2,
      "won" : 1,
      "playedGames" : 4,
      "position" : 23,
      "draw" : 1,
      "goalsAgainst" : 11,
      "goalDifference" : -4,
      "points" : 4
    }, {
      "teamName" : "SSC Napoli",
      "teamCrest" : "https://crests.football-data.org/113.png",
      "goalsFor" : 4,
      "lost" : 2,
      "won" : 1,
      "playedGames" : 4,
      "position" : 24,
      "draw" : 1,
      "goalsAgainst" : 9,
      "goalDifference" : -5,
      "points" : 4
    }, {
      "teamName" : "Olympique de Marseille",
      "teamCrest" : "https://crests.football-data.org/516.png",
      "goalsFor" : 6,
      "lost" : 3,
      "won" : 1,
      "playedGames" : 4,
      "position" : 25,
      "draw" : 0,
      "goalsAgainst" : 5,
      "goalDifference" : 1,
      "points" : 3
    }, {
      "teamName" : "Juventus FC",
      "teamCrest" : "https://crests.football-data.org/109.png",
      "goalsFor" : 7,
      "lost" : 1,
      "won" : 0,
      "playedGames" : 4,
      "position" : 26,
      "draw" : 3,
      "goalsAgainst" : 8,
      "goalDifference" : -1,
      "points" : 3
    }, {
      "teamName" : "Athletic Club",
      "teamCrest" : "https://crests.football-data.org/77.png",
      "goalsFor" : 4,
      "lost" : 3,
      "won" : 1,
      "playedGames" : 4,
      "position" : 27,
      "draw" : 0,
      "goalsAgainst" : 9,
      "goalDifference" : -5,
      "points" : 3
    }, {
      "teamName" : "Royale Union Saint-Gilloise",
      "teamCrest" : "https://crests.football-data.org/3929.png",
      "goalsFor" : 4,
      "lost" : 3,
      "won" : 1,
      "playedGames" : 4,
      "position" : 28,
      "draw" : 0,
      "goalsAgainst" : 12,
      "goalDifference" : -8,
      "points" : 3
    }, {
      "teamName" : "FK Bodø/Glimt",
      "teamCrest" : "https://crests.football-data.org/5721.png",
      "goalsFor" : 5,
      "lost" : 2,
      "won" : 0,
      "playedGames" : 4,
      "position" : 29,
      "draw" : 2,
      "goalsAgainst" : 8,
      "goalDifference" : -3,
      "points" : 2
    }, {
      "teamName" : "SK Slavia Praha",
      "teamCrest" : "https://crests.football-data.org/930.png",
      "goalsFor" : 2,
      "lost" : 2,
      "won" : 0,
      "playedGames" : 4,
      "position" : 30,
      "draw" : 2,
      "goalsAgainst" : 8,
      "goalDifference" : -6,
      "points" : 2
    }, {
      "teamName" : "PAE Olympiakos SFP",
      "teamCrest" : "https://crests.football-data.org/654.png",
      "goalsFor" : 2,
      "lost" : 2,
      "won" : 0,
      "playedGames" : 4,
      "position" : 31,
      "draw" : 2,
      "goalsAgainst" : 9,
      "goalDifference" : -7,
      "points" : 2
    }, {
      "teamName" : "Villarreal CF",
      "teamCrest" : "https://crests.football-data.org/94.png",
      "goalsFor" : 2,
      "lost" : 3,
      "won" : 0,
      "playedGames" : 4,
      "position" : 32,
      "draw" : 1,
      "goalsAgainst" : 6,
      "goalDifference" : -4,
      "points" : 1
    }, {
      "teamName" : "FC København",
      "teamCrest" : "https://crests.football-data.org/1876.png",
      "goalsFor" : 4,
      "lost" : 3,
      "won" : 0,
      "playedGames" : 4,
      "position" : 33,
      "draw" : 1,
      "goalsAgainst" : 12,
      "goalDifference" : -8,
      "points" : 1
    }, {
      "teamName" : "FK Kairat",
      "teamCrest" : "https://crests.football-data.org/10601.png",
      "goalsFor" : 2,
      "lost" : 3,
      "won" : 0,
      "playedGames" : 4,
      "position" : 34,
      "draw" : 1,
      "goalsAgainst" : 11,
      "goalDifference" : -9,
      "points" : 1
    }, {
      "teamName" : "Sport Lisboa e Benfica",
      "teamCrest" : "https://crests.football-data.org/1903.png",
      "goalsFor" : 2,
      "lost" : 4,
      "won" : 0,
      "playedGames" : 4,
      "position" : 35,
      "draw" : 0,
      "goalsAgainst" : 8,
      "goalDifference" : -6,
      "points" : 0
    }, {
      "teamName" : "AFC Ajax",
      "teamCrest" : "https://crests.football-data.org/678.png",
      "goalsFor" : 1,
      "lost" : 4,
      "won" : 0,
      "playedGames" : 4,
      "position" : 36,
      "draw" : 0,
      "goalsAgainst" : 14,
      "goalDifference" : -13,
      "points" : 0
    } ]
  },
  "timestamp" : "2025-11-13T00:32:13.796205100"
}