{
  "duration" : 60,
  "data" : [ {
    "id" : 77,
    "name" : "Athletic Club",
    "league" : "LaLiga",
    "city" : "23 Bilbao 48009",
    "colors" : "\uD83D\uDD34⚪⚫",
    "emblemUrl" : "https://crests.football-data.org/77.png"
  }, {
    "id" : 78,
    "name" : "Club Atlético de Madrid",
    "league" : "LaLiga",
    "city" : "67 Madrid 28005",
    "colors" : "\uD83D\uDD34\uD83D\uDD35⚪",
    "emblemUrl" : "https://crests.football-data.org/78.png"
  }, {
    "id" : 79,
    "name" : "CA Osasuna",
    "league" : "LaLiga",
    "city" : "s/n Pamplona 31006",
    "colors" : "\uD83D\uDD34\uD83D\uDD35",
    "emblemUrl" : "https://crests.football-data.org/79.png"
  }, {
    "id" : 80,
    "name" : "RCD Espanyol de Barcelona",
    "league" : "LaLiga",
    "city" : "100 Cornellà de Llobregat 08940",
    "colors" : "\uD83D\uDD35⚪",
    "emblemUrl" : "https://crests.football-data.org/80.png"
  }, {
    "id" : 81,
    "name" : "FC Barcelona",
    "league" : "LaLiga",
    "city" : "Avenida Arístides Maillol s/n Barcelona 08028",
    "colors" : "\uD83D\uDD34\uD83D\uDD35\uD83D\uDFE0",
    "emblemUrl" : "https://crests.football-data.org/81.png"
  }, {
    "id" : 82,
    "name" : "Getafe CF",
    "league" : "LaLiga",
    "city" : "s/n Getafe 28903",
    "colors" : "\uD83D\uDD35⚪",
    "emblemUrl" : "https://crests.football-data.org/82.png"
  }, {
    "id" : 86,
    "name" : "Real Madrid CF",
    "league" : "LaLiga",
    "city" : "1 Madrid 28036",
    "colors" : "⚪\uD83D\uDFE3",
    "emblemUrl" : "https://crests.football-data.org/86.png"
  }, {
    "id" : 87,
    "name" : "Rayo Vallecano de Madrid",
    "league" : "LaLiga",
    "city" : "s/n Madrid 28018",
    "colors" : "\uD83D\uDD34⚪",
    "emblemUrl" : "https://crests.football-data.org/87.png"
  }, {
    "id" : 88,
    "name" : "Levante UD",
    "league" : "LaLiga",
    "city" : "44 Valencia 46019",
    "colors" : "\uD83D\uDD35",
    "emblemUrl" : "https://crests.football-data.org/88.png"
  }, {
    "id" : 89,
    "name" : "RCD Mallorca",
    "league" : "LaLiga",
    "city" : "s/n Palma de Mallorca 07011",
    "colors" : "\uD83D\uDD34⚫",
    "emblemUrl" : "https://crests.football-data.org/89.png"
  }, {
    "id" : 90,
    "name" : "Real Betis Balompié",
    "league" : "LaLiga",
    "city" : "s/n Sevilla 41012",
    "colors" : "\uD83D\uDFE2⚪",
    "emblemUrl" : "https://crests.football-data.org/90.png"
  }, {
    "id" : 92,
    "name" : "Real Sociedad de Fútbol",
    "league" : "LaLiga",
    "city" : "1 San Sebastián 20014",
    "colors" : "\uD83D\uDD35⚪",
    "emblemUrl" : "https://crests.football-data.org/92.png"
  }, {
    "id" : 94,
    "name" : "Villarreal CF",
    "league" : "LaLiga",
    "city" : "s/n Villarreal 12540",
    "colors" : "\uD83D\uDD35\uD83D\uDFE1",
    "emblemUrl" : "https://crests.football-data.org/94.png"
  }, {
    "id" : 95,
    "name" : "Valencia CF",
    "league" : "LaLiga",
    "city" : "2 Valencia 46010",
    "colors" : "⚪⚫\uD83D\uDFE0",
    "emblemUrl" : "https://crests.football-data.org/95.png"
  }, {
    "id" : 263,
    "name" : "Deportivo Alavés",
    "league" : "LaLiga",
    "city" : "s/n Vitoria 01007",
    "colors" : "\uD83D\uDD35⚪",
    "emblemUrl" : "https://crests.football-data.org/263.png"
  }, {
    "id" : 285,
    "name" : "Elche CF",
    "league" : "LaLiga",
    "city" : "3 Elche 03208",
    "colors" : "\uD83D\uDFE2⚪",
    "emblemUrl" : "https://crests.football-data.org/285.png"
  }, {
    "id" : 298,
    "name" : "Girona FC",
    "league" : "LaLiga",
    "city" : "141 Girona 17003",
    "colors" : "\uD83D\uDD34\uD83D\uDD35⚪",
    "emblemUrl" : "https://crests.football-data.org/298.png"
  }, {
    "id" : 558,
    "name" : "RC Celta de Vigo",
    "league" : "LaLiga",
    "city" : "1 Vigo 36203",
    "colors" : "\uD83D\uDD35⚪",
    "emblemUrl" : "https://crests.football-data.org/558.png"
  }, {
    "id" : 559,
    "name" : "Sevilla FC",
    "league" : "LaLiga",
    "city" : "s/n Sevilla 41005",
    "colors" : "\uD83D\uDD34⚪",
    "emblemUrl" : "https://crests.football-data.org/559.png"
  }, {
    "id" : 1048,
    "name" : "Real Oviedo",
    "league" : "LaLiga",
    "city" : "s/n Oviedo 33013",
    "colors" : "\uD83D\uDD35⚪",
    "emblemUrl" : "https://crests.football-data.org/1048.png"
  } ],
  "timestamp" : "2025-11-13T16:34:54.600079900"
}