{
  "duration" : 60,
  "data" : [ {
    "id" : 1,
    "name" : "1. FC Köln",
    "league" : "Bundesliga",
    "city" : "Franz-Kremer-Allee 1 Köln 50937",
    "colors" : "\uD83D\uDD34⚪",
    "emblemUrl" : "https://crests.football-data.org/1.png"
  }, {
    "id" : 2,
    "name" : "TSG 1899 Hoffenheim",
    "league" : "Bundesliga",
    "city" : "Horrenberger Straße 58 Zuzenhausen 74939",
    "colors" : "\uD83D\uDD35⚪",
    "emblemUrl" : "https://crests.football-data.org/2.png"
  }, {
    "id" : 3,
    "name" : "Bayer 04 Leverkusen",
    "league" : "Bundesliga",
    "city" : "Bismarckstr. 122-124 Leverkusen 51373",
    "colors" : "\uD83D\uDD34⚪⚫",
    "emblemUrl" : "https://crests.football-data.org/3.png"
  }, {
    "id" : 4,
    "name" : "Borussia Dortmund",
    "league" : "Bundesliga",
    "city" : "Rheinlanddamm 207-209 Dortmund 44137",
    "colors" : "\uD83D\uDFE1⚫",
    "emblemUrl" : "https://crests.football-data.org/4.png"
  }, {
    "id" : 5,
    "name" : "FC Bayern München",
    "league" : "Bundesliga",
    "city" : "Säbenerstr. 51 München 81547",
    "colors" : "\uD83D\uDD34\uD83D\uDD35⚪",
    "emblemUrl" : "https://crests.football-data.org/5.png"
  }, {
    "id" : 7,
    "name" : "Hamburger SV",
    "league" : "Bundesliga",
    "city" : "Sylvesterallee 7 Hamburg 22525",
    "colors" : "\uD83D\uDD34\uD83D\uDD35⚪",
    "emblemUrl" : "https://crests.football-data.org/7.png"
  }, {
    "id" : 10,
    "name" : "VfB Stuttgart",
    "league" : "Bundesliga",
    "city" : "Mercedesstraße 109 Stuttgart 70372",
    "colors" : "\uD83D\uDD34⚪",
    "emblemUrl" : "https://crests.football-data.org/10.png"
  }, {
    "id" : 11,
    "name" : "VfL Wolfsburg",
    "league" : "Bundesliga",
    "city" : "In den Allerwiesen 1 Wolfsburg 38446",
    "colors" : "\uD83D\uDFE2⚪",
    "emblemUrl" : "https://crests.football-data.org/11.png"
  }, {
    "id" : 12,
    "name" : "SV Werder Bremen",
    "league" : "Bundesliga",
    "city" : "Franz-Böhmert-Str. 1c Bremen 28205",
    "colors" : "\uD83D\uDFE2⚪",
    "emblemUrl" : "https://crests.football-data.org/12.png"
  }, {
    "id" : 15,
    "name" : "1. FSV Mainz 05",
    "league" : "Bundesliga",
    "city" : "Dr.-Martin-Luther-King-Weg 20 Mainz 55122",
    "colors" : "\uD83D\uDD34⚪",
    "emblemUrl" : "https://crests.football-data.org/15.png"
  }, {
    "id" : 16,
    "name" : "FC Augsburg",
    "league" : "Bundesliga",
    "city" : "Donauwörther Straße 170 Augsburg 86154",
    "colors" : "\uD83D\uDD34\uD83D\uDFE2⚪",
    "emblemUrl" : "https://crests.football-data.org/16.png"
  }, {
    "id" : 17,
    "name" : "SC Freiburg",
    "league" : "Bundesliga",
    "city" : "Schwarzwaldstraße 193 Freiburg 79117",
    "colors" : "\uD83D\uDD34⚪",
    "emblemUrl" : "https://crests.football-data.org/17.png"
  }, {
    "id" : 18,
    "name" : "Borussia Mönchengladbach",
    "league" : "Bundesliga",
    "city" : "Hennes-Weisweiler-Allee 1 Mönchengladbach 41179",
    "colors" : "\uD83D\uDFE2⚪⚫",
    "emblemUrl" : "https://crests.football-data.org/18.png"
  }, {
    "id" : 19,
    "name" : "Eintracht Frankfurt",
    "league" : "Bundesliga",
    "city" : "Mörfelder Landstraße 362 Frankfurt am Main 60528",
    "colors" : "\uD83D\uDD34⚫",
    "emblemUrl" : "https://crests.football-data.org/19.png"
  }, {
    "id" : 20,
    "name" : "FC St. Pauli 1910",
    "league" : "Bundesliga",
    "city" : "Auf dem Heiligengeistfeld Hamburg 20359",
    "colors" : "⚪",
    "emblemUrl" : "https://crests.football-data.org/20.png"
  }, {
    "id" : 28,
    "name" : "1. FC Union Berlin",
    "league" : "Bundesliga",
    "city" : "An der Wuhlheide 263 Berlin 12555",
    "colors" : "\uD83D\uDD34⚪",
    "emblemUrl" : "https://crests.football-data.org/28.png"
  }, {
    "id" : 44,
    "name" : "1. FC Heidenheim 1846",
    "league" : "Bundesliga",
    "city" : "Schloßhaustraße 162 Heidenheim 89522",
    "colors" : "\uD83D\uDD34\uD83D\uDD35⚪",
    "emblemUrl" : "https://crests.football-data.org/44.png"
  }, {
    "id" : 721,
    "name" : "RB Leipzig",
    "league" : "Bundesliga",
    "city" : "Neumarkt 29-33 Leipzig 04109",
    "colors" : "\uD83D\uDD34⚪",
    "emblemUrl" : "https://crests.football-data.org/721.png"
  } ],
  "timestamp" : "2025-11-13T16:35:01.452328300"
}