{
  "duration" : 60,
  "data" : [ {
    "id" : 57,
    "name" : "Arsenal FC",
    "league" : "EPL",
    "city" : "75 Drayton Park London N5 1BU",
    "colors" : "\uD83D\uDD34⚪",
    "emblemUrl" : "https://crests.football-data.org/57.png"
  }, {
    "id" : 58,
    "name" : "Aston Villa FC",
    "league" : "EPL",
    "city" : "Villa Park Birmingham B6 6HE",
    "colors" : "\uD83D\uDD35",
    "emblemUrl" : "https://crests.football-data.org/58.png"
  }, {
    "id" : 61,
    "name" : "Chelsea FC",
    "league" : "EPL",
    "city" : "Fulham Road London SW6 1HS",
    "colors" : "\uD83D\uDD35⚪",
    "emblemUrl" : "https://crests.football-data.org/61.png"
  }, {
    "id" : 62,
    "name" : "Everton FC",
    "league" : "EPL",
    "city" : "Goodison Park Liverpool L4 4EL",
    "colors" : "\uD83D\uDD35⚪",
    "emblemUrl" : "https://crests.football-data.org/62.png"
  }, {
    "id" : 63,
    "name" : "Fulham FC",
    "league" : "EPL",
    "city" : "Stevenage Road London SW6 6HH",
    "colors" : "⚪⚫",
    "emblemUrl" : "https://crests.football-data.org/63.png"
  }, {
    "id" : 64,
    "name" : "Liverpool FC",
    "league" : "EPL",
    "city" : "Anfield Road Liverpool L4 0TH",
    "colors" : "\uD83D\uDD34⚪",
    "emblemUrl" : "https://crests.football-data.org/64.png"
  }, {
    "id" : 65,
    "name" : "Manchester City FC",
    "league" : "EPL",
    "city" : "SportCity Manchester M11 3FF",
    "colors" : "\uD83D\uDD35⚪",
    "emblemUrl" : "https://crests.football-data.org/65.png"
  }, {
    "id" : 66,
    "name" : "Manchester United FC",
    "league" : "EPL",
    "city" : "Sir Matt Busby Way Manchester M16 0RA",
    "colors" : "\uD83D\uDD34⚪",
    "emblemUrl" : "https://crests.football-data.org/66.png"
  }, {
    "id" : 67,
    "name" : "Newcastle United FC",
    "league" : "EPL",
    "city" : "Sports Direct Arena Newcastle upon Tyne NE1 4ST",
    "colors" : "⚪⚫",
    "emblemUrl" : "https://crests.football-data.org/67.png"
  }, {
    "id" : 71,
    "name" : "Sunderland AFC",
    "league" : "EPL",
    "city" : "The Sunderland Stadium of Light Sunderland SR5 1SU",
    "colors" : "\uD83D\uDD34⚪",
    "emblemUrl" : "https://crests.football-data.org/71.png"
  }, {
    "id" : 73,
    "name" : "Tottenham Hotspur FC",
    "league" : "EPL",
    "city" : "748 High Road London N17 0AP",
    "colors" : "\uD83D\uDD35⚪",
    "emblemUrl" : "https://crests.football-data.org/73.png"
  }, {
    "id" : 76,
    "name" : "Wolverhampton Wanderers FC",
    "league" : "EPL",
    "city" : "Waterloo Road Wolverhampton WV1 4QR",
    "colors" : "\uD83D\uDFE1⚫",
    "emblemUrl" : "https://crests.football-data.org/76.png"
  }, {
    "id" : 328,
    "name" : "Burnley FC",
    "league" : "EPL",
    "city" : "Harry Potts Way Burnley BB10 4BX",
    "colors" : "\uD83D\uDD35",
    "emblemUrl" : "https://crests.football-data.org/328.png"
  }, {
    "id" : 341,
    "name" : "Leeds United FC",
    "league" : "EPL",
    "city" : "Elland Road Leeds LS11 0ES",
    "colors" : "\uD83D\uDD35⚪",
    "emblemUrl" : "https://crests.football-data.org/341.png"
  }, {
    "id" : 351,
    "name" : "Nottingham Forest FC",
    "league" : "EPL",
    "city" : "West Bridgeford Nottingham NG2 5GJ",
    "colors" : "\uD83D\uDD34⚪",
    "emblemUrl" : "https://crests.football-data.org/351.png"
  }, {
    "id" : 354,
    "name" : "Crystal Palace FC",
    "league" : "EPL",
    "city" : "Whitehorse Lane London SE25 6PU",
    "colors" : "\uD83D\uDD34\uD83D\uDD35",
    "emblemUrl" : "https://crests.football-data.org/354.png"
  }, {
    "id" : 397,
    "name" : "Brighton & Hove Albion FC",
    "league" : "EPL",
    "city" : "44 North Road Brighton & Hove BN1 1YR",
    "colors" : "\uD83D\uDD35⚪",
    "emblemUrl" : "https://crests.football-data.org/397.png"
  }, {
    "id" : 402,
    "name" : "Brentford FC",
    "league" : "EPL",
    "city" : "Braemar Road Brentford TW8 0NT",
    "colors" : "\uD83D\uDD34⚪⚫",
    "emblemUrl" : "https://crests.football-data.org/402.png"
  }, {
    "id" : 563,
    "name" : "West Ham United FC",
    "league" : "EPL",
    "city" : "London London E20 2ST",
    "colors" : "\uD83D\uDD35",
    "emblemUrl" : "https://crests.football-data.org/563.png"
  }, {
    "id" : 1044,
    "name" : "AFC Bournemouth",
    "league" : "EPL",
    "city" : "Kings Park Bournemouth BH7 7AF",
    "colors" : "\uD83D\uDD34⚫",
    "emblemUrl" : "https://crests.football-data.org/bournemouth.png"
  } ],
  "timestamp" : "2025-11-13T16:34:48.955794"
}