{
  "duration" : 60,
  "data" : [ {
    "id" : 3,
    "name" : "Bayer 04 Leverkusen",
    "league" : "UCL",
    "city" : "Bismarckstr. 122-124 Leverkusen 51373",
    "colors" : "\uD83D\uDD34⚪⚫",
    "emblemUrl" : "https://crests.football-data.org/3.png"
  }, {
    "id" : 4,
    "name" : "Borussia Dortmund",
    "league" : "UCL",
    "city" : "Rheinlanddamm 207-209 Dortmund 44137",
    "colors" : "\uD83D\uDFE1⚫",
    "emblemUrl" : "https://crests.football-data.org/4.png"
  }, {
    "id" : 5,
    "name" : "FC Bayern München",
    "league" : "UCL",
    "city" : "Säbenerstr. 51 München 81547",
    "colors" : "\uD83D\uDD34\uD83D\uDD35⚪",
    "emblemUrl" : "https://crests.football-data.org/5.png"
  }, {
    "id" : 19,
    "name" : "Eintracht Frankfurt",
    "league" : "UCL",
    "city" : "Mörfelder Landstraße 362 Frankfurt am Main 60528",
    "colors" : "\uD83D\uDD34⚫",
    "emblemUrl" : "https://crests.football-data.org/19.png"
  }, {
    "id" : 57,
    "name" : "Arsenal FC",
    "league" : "UCL",
    "city" : "75 Drayton Park London N5 1BU",
    "colors" : "\uD83D\uDD34⚪",
    "emblemUrl" : "https://crests.football-data.org/57.png"
  }, {
    "id" : 61,
    "name" : "Chelsea FC",
    "league" : "UCL",
    "city" : "Fulham Road London SW6 1HS",
    "colors" : "\uD83D\uDD35⚪",
    "emblemUrl" : "https://crests.football-data.org/61.png"
  }, {
    "id" : 64,
    "name" : "Liverpool FC",
    "league" : "UCL",
    "city" : "Anfield Road Liverpool L4 0TH",
    "colors" : "\uD83D\uDD34⚪",
    "emblemUrl" : "https://crests.football-data.org/64.png"
  }, {
    "id" : 65,
    "name" : "Manchester City FC",
    "league" : "UCL",
    "city" : "SportCity Manchester M11 3FF",
    "colors" : "\uD83D\uDD35⚪",
    "emblemUrl" : "https://crests.football-data.org/65.png"
  }, {
    "id" : 67,
    "name" : "Newcastle United FC",
    "league" : "UCL",
    "city" : "Sports Direct Arena Newcastle upon Tyne NE1 4ST",
    "colors" : "⚪⚫",
    "emblemUrl" : "https://crests.football-data.org/67.png"
  }, {
    "id" : 73,
    "name" : "Tottenham Hotspur FC",
    "league" : "UCL",
    "city" : "748 High Road London N17 0AP",
    "colors" : "\uD83D\uDD35⚪",
    "emblemUrl" : "https://crests.football-data.org/73.png"
  }, {
    "id" : 77,
    "name" : "Athletic Club",
    "league" : "UCL",
    "city" : "23 Bilbao 48009",
    "colors" : "\uD83D\uDD34⚪⚫",
    "emblemUrl" : "https://crests.football-data.org/77.png"
  }, {
    "id" : 78,
    "name" : "Club Atlético de Madrid",
    "league" : "UCL",
    "city" : "67 Madrid 28005",
    "colors" : "\uD83D\uDD34\uD83D\uDD35⚪",
    "emblemUrl" : "https://crests.football-data.org/78.png"
  }, {
    "id" : 81,
    "name" : "FC Barcelona",
    "league" : "UCL",
    "city" : "Avenida Arístides Maillol s/n Barcelona 08028",
    "colors" : "\uD83D\uDD34\uD83D\uDD35\uD83D\uDFE0",
    "emblemUrl" : "https://crests.football-data.org/81.png"
  }, {
    "id" : 86,
    "name" : "Real Madrid CF",
    "league" : "UCL",
    "city" : "1 Madrid 28036",
    "colors" : "⚪\uD83D\uDFE3",
    "emblemUrl" : "https://crests.football-data.org/86.png"
  }, {
    "id" : 94,
    "name" : "Villarreal CF",
    "league" : "UCL",
    "city" : "s/n Villarreal 12540",
    "colors" : "\uD83D\uDD35\uD83D\uDFE1",
    "emblemUrl" : "https://crests.football-data.org/94.png"
  }, {
    "id" : 102,
    "name" : "Atalanta BC",
    "league" : "UCL",
    "city" : "Zingonia Ciserano 24040",
    "colors" : "\uD83D\uDD35⚫",
    "emblemUrl" : "https://crests.football-data.org/102.png"
  }, {
    "id" : 108,
    "name" : "FC Internazionale Milano",
    "league" : "UCL",
    "city" : "Corso Vittorio Emanuele II 9 Milano 20122",
    "colors" : "\uD83D\uDD35⚫",
    "emblemUrl" : "https://crests.football-data.org/108.png"
  }, {
    "id" : 109,
    "name" : "Juventus FC",
    "league" : "UCL",
    "city" : "32 Torino 10128",
    "colors" : "⚪⚫",
    "emblemUrl" : "https://crests.football-data.org/109.png"
  }, {
    "id" : 113,
    "name" : "SSC Napoli",
    "league" : "UCL",
    "city" : "Km 35 Castel Volturno 81030",
    "colors" : "\uD83D\uDD35⚪",
    "emblemUrl" : "https://crests.football-data.org/113.png"
  }, {
    "id" : 498,
    "name" : "Sporting Clube de Portugal",
    "league" : "UCL",
    "city" : "Apartado 42099 Lisboa 1601-801",
    "colors" : "\uD83D\uDFE2⚪",
    "emblemUrl" : "https://crests.football-data.org/498.png"
  }, {
    "id" : 516,
    "name" : "Olympique de Marseille",
    "league" : "UCL",
    "city" : "traverse de La Martine Marseille 13012",
    "colors" : "\uD83D\uDD35⚪",
    "emblemUrl" : "https://crests.football-data.org/516.png"
  }, {
    "id" : 524,
    "name" : "Paris Saint-Germain FC",
    "league" : "UCL",
    "city" : "rue de Commandant Guibaud Paris 7501",
    "colors" : "\uD83D\uDD34\uD83D\uDD35⚪",
    "emblemUrl" : "https://crests.football-data.org/524.png"
  }, {
    "id" : 548,
    "name" : "AS Monaco FC",
    "league" : "UCL",
    "city" : "Avenue des Castellans Monaco 98000",
    "colors" : "\uD83D\uDD34⚪",
    "emblemUrl" : "https://crests.football-data.org/548.png"
  }, {
    "id" : 610,
    "name" : "Galatasaray SK",
    "league" : "UCL",
    "city" : "Şişli İstanbul 34415",
    "colors" : "\uD83D\uDD34\uD83D\uDFE1",
    "emblemUrl" : "https://crests.football-data.org/610.png"
  }, {
    "id" : 611,
    "name" : "Qarabağ Ağdam FK",
    "league" : "UCL",
    "city" : "qəsəbəsi Ağdam null",
    "colors" : "⚪⚫",
    "emblemUrl" : "https://crests.football-data.org/611.png"
  }, {
    "id" : 654,
    "name" : "PAE Olympiakos SFP",
    "league" : "UCL",
    "city" : "Plateia Alexandras Piraeus 18534",
    "colors" : "\uD83D\uDD34⚪",
    "emblemUrl" : "https://crests.football-data.org/654.png"
  }, {
    "id" : 674,
    "name" : "PSV",
    "league" : "UCL",
    "city" : "Fredriklaan 10a Eindhoven 5616 NH",
    "colors" : "\uD83D\uDD34⚪",
    "emblemUrl" : "https://crests.football-data.org/674.png"
  }, {
    "id" : 678,
    "name" : "AFC Ajax",
    "league" : "UCL",
    "city" : "ArenA Boulevard 29 Amsterdam 1101 AX",
    "colors" : "\uD83D\uDD34⚪",
    "emblemUrl" : "https://crests.football-data.org/678.png"
  }, {
    "id" : 851,
    "name" : "Club Brugge KV",
    "league" : "UCL",
    "city" : "Olympialaan 74 Brugge 8200",
    "colors" : "\uD83D\uDD35⚫",
    "emblemUrl" : "https://crests.football-data.org/851.png"
  }, {
    "id" : 930,
    "name" : "SK Slavia Praha",
    "league" : "UCL",
    "city" : "Vladivostocká 1460/2 Praha 10005",
    "colors" : "\uD83D\uDD34⚪",
    "emblemUrl" : "https://crests.football-data.org/930.png"
  }, {
    "id" : 1876,
    "name" : "FC København",
    "league" : "UCL",
    "city" : "Per Henrik Lings Allé 2 København 2100",
    "colors" : "\uD83D\uDD35⚪",
    "emblemUrl" : "https://crests.football-data.org/1876.png"
  }, {
    "id" : 1903,
    "name" : "Sport Lisboa e Benfica",
    "league" : "UCL",
    "city" : "Avenida General Norton de Matos 1500 Lissabon null",
    "colors" : "⭐\uD83D\uDD35",
    "emblemUrl" : "https://crests.football-data.org/1903.png"
  }, {
    "id" : 3929,
    "name" : "Royale Union Saint-Gilloise",
    "league" : "UCL",
    "city" : "223 Forest 1190",
    "colors" : "\uD83D\uDD35\uD83D\uDFE1",
    "emblemUrl" : "https://crests.football-data.org/3929.png"
  }, {
    "id" : 5721,
    "name" : "FK Bodø/Glimt",
    "league" : "UCL",
    "city" : "Postboks 179 Bodø 8001",
    "colors" : "\uD83D\uDFE1⚫",
    "emblemUrl" : "https://crests.football-data.org/5721.png"
  }, {
    "id" : 10601,
    "name" : "FK Kairat",
    "league" : "UCL",
    "city" : "null null null",
    "colors" : "⭐\uD83D\uDD35",
    "emblemUrl" : "https://crests.football-data.org/10601.png"
  }, {
    "id" : 11034,
    "name" : "Paphos FC",
    "league" : "UCL",
    "city" : "null null null",
    "colors" : "⭐\uD83D\uDD35",
    "emblemUrl" : "https://crests.football-data.org/11034.png"
  } ],
  "timestamp" : "2025-11-13T16:34:44.320036500"
}