{
  "duration" : 60,
  "data" : [ {
    "id" : 511,
    "name" : "Toulouse FC",
    "league" : "Ligue1",
    "city" : "BP 54023 Toulouse 31028",
    "colors" : "⚪\uD83D\uDFE3",
    "emblemUrl" : "https://crests.football-data.org/511.png"
  }, {
    "id" : 512,
    "name" : "Stade Brestois 29",
    "league" : "Ligue1",
    "city" : "470 bis rue Alain Colas Brest 29200",
    "colors" : "\uD83D\uDD34⚪",
    "emblemUrl" : "https://crests.football-data.org/512.png"
  }, {
    "id" : 516,
    "name" : "Olympique de Marseille",
    "league" : "Ligue1",
    "city" : "traverse de La Martine Marseille 13012",
    "colors" : "\uD83D\uDD35⚪",
    "emblemUrl" : "https://crests.football-data.org/516.png"
  }, {
    "id" : 519,
    "name" : "AJ Auxerre",
    "league" : "Ligue1",
    "city" : "Route de Vaux BP 349 Auxerre 89006",
    "colors" : "\uD83D\uDD35⚪",
    "emblemUrl" : "https://crests.football-data.org/519.png"
  }, {
    "id" : 521,
    "name" : "Lille OSC",
    "league" : "Ligue1",
    "city" : "780 Camphin-en-Pévèle Lille null",
    "colors" : "\uD83D\uDD34⚪",
    "emblemUrl" : "https://crests.football-data.org/521.png"
  }, {
    "id" : 522,
    "name" : "OGC Nice",
    "league" : "Ligue1",
    "city" : "avenue du Ray Nice 06100",
    "colors" : "\uD83D\uDD34⚫",
    "emblemUrl" : "https://crests.football-data.org/522.png"
  }, {
    "id" : 523,
    "name" : "Olympique Lyonnais",
    "league" : "Ligue1",
    "city" : "350 avenue Jean Jaurès Lyon 69007",
    "colors" : "\uD83D\uDD34\uD83D\uDD35⚪",
    "emblemUrl" : "https://crests.football-data.org/523.png"
  }, {
    "id" : 524,
    "name" : "Paris Saint-Germain FC",
    "league" : "Ligue1",
    "city" : "rue de Commandant Guibaud Paris 7501",
    "colors" : "\uD83D\uDD34\uD83D\uDD35⚪",
    "emblemUrl" : "https://crests.football-data.org/524.png"
  }, {
    "id" : 525,
    "name" : "FC Lorient",
    "league" : "Ligue1",
    "city" : "BP 404 Lorient 56104",
    "colors" : "⚫\uD83D\uDFE0",
    "emblemUrl" : "https://crests.football-data.org/525.png"
  }, {
    "id" : 529,
    "name" : "Stade Rennais FC 1901",
    "league" : "Ligue1",
    "city" : "La Piverdière - Chemin de la Taupinais CS 5390 Rennes 35039",
    "colors" : "\uD83D\uDD34⚫",
    "emblemUrl" : "https://crests.football-data.org/529.png"
  }, {
    "id" : 532,
    "name" : "Angers SCO",
    "league" : "Ligue1",
    "city" : "BP 20212 Angers 49002",
    "colors" : "\uD83D\uDFE1⚪⚫",
    "emblemUrl" : "https://crests.football-data.org/532.png"
  }, {
    "id" : 533,
    "name" : "Le Havre AC",
    "league" : "Ligue1",
    "city" : "2 route du château BP 90 Saint-Laurent-de-Brèvedent 76700",
    "colors" : "\uD83D\uDD35",
    "emblemUrl" : "https://crests.football-data.org/533.png"
  }, {
    "id" : 543,
    "name" : "FC Nantes",
    "league" : "Ligue1",
    "city" : "La Jonelière Nantes 44240",
    "colors" : "\uD83D\uDFE1\uD83D\uDFE2",
    "emblemUrl" : "https://crests.football-data.org/543.png"
  }, {
    "id" : 545,
    "name" : "FC Metz",
    "league" : "Ligue1",
    "city" : "BP 40292 Metz 5700",
    "colors" : "\uD83D\uDD34\uD83D\uDD35",
    "emblemUrl" : "https://crests.football-data.org/545.png"
  }, {
    "id" : 546,
    "name" : "Racing Club de Lens",
    "league" : "Ligue1",
    "city" : "33 rue Arthur Lamendin Avion 62210",
    "colors" : "\uD83D\uDD34\uD83D\uDFE1",
    "emblemUrl" : "https://crests.football-data.org/546.png"
  }, {
    "id" : 548,
    "name" : "AS Monaco FC",
    "league" : "Ligue1",
    "city" : "Avenue des Castellans Monaco 98000",
    "colors" : "\uD83D\uDD34⚪",
    "emblemUrl" : "https://crests.football-data.org/548.png"
  }, {
    "id" : 576,
    "name" : "RC Strasbourg Alsace",
    "league" : "Ligue1",
    "city" : "12 Rue Extenwoerth Strasbourg 67000",
    "colors" : "\uD83D\uDD35⚪",
    "emblemUrl" : "https://crests.football-data.org/576.png"
  }, {
    "id" : 1045,
    "name" : "Paris FC",
    "league" : "Ligue1",
    "city" : "17 rue Neuve Tolbiac Paris 75013",
    "colors" : "\uD83D\uDD35",
    "emblemUrl" : "https://crests.football-data.org/1045.png"
  } ],
  "timestamp" : "2025-11-13T16:35:17.623923700"
}